model_code,trigger,selection_status,holdout_status,horizon_sessions,rule_names,rule_labels,train_sample_count,train_win_rate,validation_base_count,validation_base_win_rate,validation_filtered_count,validation_filtered_win_rate,validation_win_rate_delta,validation_filtered_mean_return,holdout_base_count,holdout_base_win_rate,holdout_filtered_count,holdout_filtered_win_rate,holdout_win_rate_delta,holdout_filtered_mean_return,holdout_filtered_ci_low,holdout_filtered_ci_high
S0000,ENGULFING,FILTER_SELECTED,CONFIRMED,30.0,stock60_neg+drawdown20_ge_15pct,个股近60日收益≤0；距近20日高点回撤≥15%,2446.0,0.612837,10423.0,0.515303,1290.0,0.687597,0.172294,0.103402,6562.0,0.504419,978.0,0.649284,0.144865,0.094683,0.618846,0.678554
S0000,STRONG_FRACTAL,FILTER_SELECTED,CONFIRMED,60.0,price_1_6+stock20_neg,入场原始价1～6元；个股近20日收益≤0,6097.0,0.583566,33962.0,0.451357,3475.0,0.568633,0.117276,0.051779,23306.0,0.587488,2324.0,0.662651,0.075163,0.129426,0.643174,0.681591
S0001,ENGULFING,FILTER_SELECTED,CONFIRMED,30.0,same_code_models_ge_4+price_1_6,同股同日模型共识≥4；入场原始价1～6元,159.0,0.559748,748.0,0.520053,148.0,0.581081,0.061028,0.032295,525.0,0.430476,81.0,0.518519,0.088043,0.050809,0.411356,0.624004
S0001,STRONG_FRACTAL,FILTER_SELECTED,NOT_CONFIRMED,30.0,price_3_10+drawdown20_ge_10pct,入场原始价3～10元；距近20日高点回撤≥10%,463.0,0.600432,2850.0,0.458596,233.0,0.570815,0.112219,0.050545,2106.0,0.483856,154.0,0.448052,-0.035804,0.008544,0.371726,0.526907
S0002,ENGULFING,FILTER_SELECTED,CONFIRMED,90.0,price_1_6+vol20_2_6pct,入场原始价1～6元；20日波动率2%～6%,2681.0,0.600895,10410.0,0.435447,1138.0,0.553603,0.118156,0.090558,7117.0,0.550794,824.0,0.581311,0.030517,0.123909,0.547325,0.614542
S0002,STRONG_FRACTAL,FILTER_SELECTED,CONFIRMED,60.0,price_1_6+market_below_ma200,入场原始价1～6元；上证位于MA200下方,2227.0,0.564885,11178.0,0.436393,914.0,0.513129,0.076736,0.04005,7565.0,0.516854,312.0,0.711538,0.194684,0.25579,0.658935,0.758996
S0003,ENGULFING,FILTER_SELECTED,CONFIRMED,30.0,same_code_models_ge_3+below_ma60,同股同日模型共识≥3；个股位于MA60下方,65.0,0.569231,166.0,0.403614,66.0,0.484848,0.081234,0.009143,99.0,0.555556,38.0,0.578947,0.023391,0.039162,0.421923,0.721475
S0003,STRONG_FRACTAL,FILTER_SELECTED,INSUFFICIENT_HOLDOUT,60.0,market20_pos+market_below_ma200,上证近20日收益>0；上证位于MA200下方,103.0,0.563107,662.0,0.427492,73.0,0.616438,0.188946,0.12105,427.0,0.52459,6.0,0.5,-0.02459,0.032125,0.187616,0.812384
S0004,ENGULFING,FILTER_SELECTED,NOT_CONFIRMED,60.0,drawdown20_ge_15pct+below_ma60,距近20日高点回撤≥15%；个股位于MA60下方,155.0,0.741935,1299.0,0.413395,85.0,0.588235,0.17484,0.063908,983.0,0.504578,48.0,0.4375,-0.067078,0.019016,0.307013,0.57725
S0004,STRONG_FRACTAL,FILTER_SELECTED,CONFIRMED,30.0,below_ma60+market20_neg,个股位于MA60下方；上证近20日收益≤0,679.0,0.564065,5656.0,0.403819,652.0,0.490798,0.086979,0.030167,4554.0,0.452569,499.0,0.651303,0.198734,0.077051,0.608477,0.691816
S0005,ENGULFING,FILTER_SELECTED,NOT_CONFIRMED,30.0,price_1_6+below_ma60,入场原始价1～6元；个股位于MA60下方,437.0,0.560641,2987.0,0.466354,375.0,0.576,0.109646,0.025643,1992.0,0.480422,204.0,0.47549,-0.004932,0.018917,0.408048,0.543838
S0005,STRONG_FRACTAL,FILTER_SELECTED,CONFIRMED,90.0,price_1_6+vol20_2_6pct,入场原始价1～6元；20日波动率2%～6%,1786.0,0.601904,12060.0,0.414677,1174.0,0.513629,0.098952,0.062768,7643.0,0.587073,728.0,0.614011,0.026938,0.147195,0.578137,0.648688
S0006,ENGULFING,FILTER_SELECTED,CONFIRMED,30.0,price_3_10+vol20_ge_3pct,入场原始价3～10元；20日波动率≥3%,117.0,0.57265,960.0,0.611458,68.0,0.852941,0.241483,0.190476,417.0,0.503597,56.0,0.696429,0.192832,0.108541,0.566641,0.800997
S0006,STRONG_FRACTAL,FILTER_SELECTED,CONFIRMED,90.0,price_2_8+drawdown20_ge_10pct,入场原始价2～8元；距近20日高点回撤≥10%,532.0,0.62406,2649.0,0.502454,219.0,0.753425,0.250971,0.130143,1422.0,0.743319,152.0,0.802632,0.059313,0.206037,0.732239,0.858104
S0007,ENGULFING,FILTER_SELECTED,NOT_CONFIRMED,60.0,price_le_20+below_ma60,入场原始价≤20元；个股位于MA60下方,139.0,0.597122,634.0,0.395899,117.0,0.495726,0.099827,0.016639,443.0,0.51693,56.0,0.446429,-0.070501,0.030121,0.323867,0.575868
S0007,STRONG_FRACTAL,FILTER_SELECTED,CONFIRMED,30.0,below_ma60+market20_neg,个股位于MA60下方；上证近20日收益≤0,410.0,0.612195,2957.0,0.429151,340.0,0.497059,0.067908,0.01658,2110.0,0.497156,264.0,0.655303,0.158147,0.082265,0.596114,0.710037
S0008,ENGULFING,FILTER_SELECTED,INSUFFICIENT_HOLDOUT,60.0,stock20_neg+vol20_ge_3pct,个股近20日收益≤0；20日波动率≥3%,78.0,0.589744,163.0,0.521472,38.0,0.657895,0.136423,0.048293,89.0,0.651685,20.0,0.45,-0.201685,0.087482,0.258198,0.657915
S0008,STRONG_FRACTAL,FILTER_SELECTED,MIXED_POSITIVE,30.0,price_1_6+market20_neg,入场原始价1～6元；上证近20日收益≤0,147.0,0.564626,570.0,0.503509,51.0,0.627451,0.123942,0.035723,344.0,0.569767,47.0,0.574468,0.004701,0.085014,0.432819,0.704864
S0009,ENGULFING,FILTER_SELECTED,NOT_CONFIRMED,90.0,regime_sideways+price_2_8,上证震荡阶段；入场原始价2～8元,111.0,0.54955,594.0,0.456229,159.0,0.591195,0.134966,0.053684,306.0,0.513072,59.0,0.440678,-0.072394,0.022863,0.321502,0.567106
S0009,STRONG_FRACTAL,FILTER_SELECTED,CONFIRMED,90.0,price_1_6+sell_crowding_z_le_0,入场原始价1～6元；全市场CLX卖出拥挤度≤历史均值,339.0,0.522124,1462.0,0.415185,223.0,0.565022,0.149837,0.049629,657.0,0.581431,99.0,0.777778,0.196347,0.18987,0.686385,0.848419
S0010,ENGULFING,FILTER_SELECTED,CONFIRMED,30.0,price_le_20+stock20_pullback_10,入场原始价≤20元；个股近20日收益≤-10%,658.0,0.607903,2628.0,0.483257,395.0,0.627848,0.144591,0.065099,1709.0,0.492686,279.0,0.623656,0.13097,0.101899,0.565491,0.678462
S0010,STRONG_FRACTAL,FILTER_SELECTED,CONFIRMED,90.0,stock20_pullback_10+stock60_neg,个股近20日收益≤-10%；个股近60日收益≤0,1862.0,0.600967,10167.0,0.417527,1063.0,0.618062,0.200535,0.083318,6570.0,0.594673,828.0,0.746377,0.151704,0.169688,0.715651,0.774828
S0011,ENGULFING,FILTER_SELECTED,CONFIRMED,30.0,price_2_8+below_ma60,入场原始价2～8元；个股位于MA60下方,180.0,0.588889,640.0,0.485938,97.0,0.742268,0.25633,0.061369,462.0,0.545455,79.0,0.632911,0.087456,0.044592,0.522769,0.730727
S0011,STRONG_FRACTAL,FILTER_SELECTED,CONFIRMED,90.0,price_1_6+below_ma20,入场原始价1～6元；个股位于MA20下方,494.0,0.649798,2315.0,0.411663,217.0,0.62212,0.210457,0.086683,1415.0,0.578799,153.0,0.673203,0.094404,0.17431,0.595432,0.742489
S0012,ENGULFING,FILTER_SELECTED,INSUFFICIENT_HOLDOUT,30.0,below_ma60,个股位于MA60下方,90.0,0.588889,153.0,0.496732,61.0,0.557377,0.060645,0.035028,97.0,0.494845,27.0,0.518519,0.023674,0.036235,0.339856,0.692568
S0012,STRONG_FRACTAL,FILTER_SELECTED,CONFIRMED,90.0,price_2_8+stock20_neg,入场原始价2～8元；个股近20日收益≤0,157.0,0.573248,599.0,0.397329,70.0,0.642857,0.245528,0.055786,301.0,0.521595,34.0,0.558824,0.037229,0.159631,0.394539,0.711165
S0013,ENGULFING,INSUFFICIENT_SAMPLE,INSUFFICIENT_SAMPLE,,,,,,,,,,,,,,,,,,,
S0013,STRONG_FRACTAL,INSUFFICIENT_SAMPLE,INSUFFICIENT_SAMPLE,,,,,,,,,,,,,,,,,,,
S0014,ENGULFING,INSUFFICIENT_SAMPLE,INSUFFICIENT_SAMPLE,,,,,,,,,,,,,,,,,,,
S0014,STRONG_FRACTAL,FILTER_SELECTED,INSUFFICIENT_HOLDOUT,90.0,vol20_ge_3pct+sell_crowding_z_le_0,20日波动率≥3%；全市场CLX卖出拥挤度≤历史均值,71.0,0.549296,160.0,0.40625,46.0,0.565217,0.158967,0.090763,59.0,0.457627,13.0,0.307692,-0.149935,0.011325,0.126807,0.576307
S0015,ENGULFING,FILTER_SELECTED,INSUFFICIENT_HOLDOUT,30.0,stock20_pullback_10+below_ma20,个股近20日收益≤-10%；个股位于MA20下方,62.0,0.645161,350.0,0.474286,49.0,0.673469,0.199183,0.069438,208.0,0.456731,25.0,0.48,0.023269,0.034838,0.300313,0.665015
S0015,STRONG_FRACTAL,FILTER_SELECTED,NOT_CONFIRMED,60.0,price_2_8+stock20_neg,入场原始价2～8元；个股近20日收益≤0,798.0,0.56391,5627.0,0.425626,876.0,0.5,0.074374,0.040057,3908.0,0.550154,525.0,0.533333,-0.016821,0.0522,0.490571,0.575611
S0016,ENGULFING,FILTER_SELECTED,CONFIRMED,60.0,drawdown20_ge_15pct+amount20_ge_30m,距近20日高点回撤≥15%；近20日中位成交额≥3000万,80.0,0.6125,671.0,0.585693,88.0,0.772727,0.187034,0.235031,298.0,0.590604,36.0,0.777778,0.187174,0.130766,0.619153,0.882837
S0016,STRONG_FRACTAL,FILTER_SELECTED,CONFIRMED,90.0,price_1_6+drawdown20_ge_10pct,入场原始价1～6元；距近20日高点回撤≥10%,220.0,0.686364,1277.0,0.483947,85.0,0.788235,0.304288,0.165228,846.0,0.780142,75.0,0.853333,0.073191,0.217349,0.756152,0.916083
S0017,ENGULFING,FILTER_SELECTED,NOT_CONFIRMED,30.0,price_3_10+stock20_pullback_10,入场原始价3～10元；个股近20日收益≤-10%,460.0,0.632609,3204.0,0.501873,178.0,0.617978,0.116105,0.054699,1957.0,0.477261,108.0,0.388889,-0.088372,-0.015433,0.302276,0.483134
S0017,STRONG_FRACTAL,FILTER_SELECTED,CONFIRMED,90.0,price_2_8+drawdown20_ge_10pct,入场原始价2～8元；距近20日高点回撤≥10%,1202.0,0.565724,10351.0,0.449618,676.0,0.600592,0.150974,0.075193,6402.0,0.680725,364.0,0.703297,0.022572,0.195318,0.654444,0.747904
