model_code,trigger,selection_status,holdout_status,horizon_trading_days,rule_names,rule_labels,train_sample_count,train_win_rate,validation_base_count,validation_base_win_rate,validation_filtered_count,validation_filtered_win_rate,validation_win_rate_delta,validation_filtered_mean_return,holdout_base_count,holdout_base_win_rate,holdout_filtered_count,holdout_filtered_win_rate,holdout_win_rate_delta,holdout_filtered_mean_return,holdout_filtered_ci_low,holdout_filtered_ci_high
S0000,ENGULFING,FILTER_SELECTED,NOT_CONFIRMED,90.0,price_1_6+market20_neg,入场原始价1～6元；上证近20日收益≤0,507.0,0.99211,14841.0,0.716057,646.0,0.837461,0.121404,0.212126,4827.0,0.270147,86.0,0.093023,-0.177124,-0.18945,0.047892,0.172957
S0000,STRONG_FRACTAL,FILTER_SELECTED,NOT_CONFIRMED,90.0,occurrence_ge_2+price_3_10,模型内发生次数≥2；入场原始价3～10元,1355.0,0.98893,36641.0,0.69414,4117.0,0.762934,0.068794,0.178647,10778.0,0.296808,807.0,0.167286,-0.129522,-0.13781,0.143125,0.1946
S0001,ENGULFING,FILTER_SELECTED,NOT_CONFIRMED,30.0,reveal_morning+price_le_20,上午揭示；入场原始价≤20元,178.0,0.825843,1769.0,0.577728,555.0,0.614414,0.036686,0.06432,929.0,0.401507,254.0,0.326772,-0.074735,-0.032226,0.272044,0.386661
S0001,STRONG_FRACTAL,FILTER_SELECTED,NOT_CONFIRMED,30.0,entry_same_day+price_2_8,同日下一bar入场；入场原始价2～8元,147.0,0.897959,3880.0,0.591495,614.0,0.64658,0.055085,0.067023,2340.0,0.392308,316.0,0.291139,-0.101169,-0.048463,0.243798,0.343497
S0002,ENGULFING,FILTER_SELECTED,NOT_CONFIRMED,90.0,regime_sideways+price_2_8,上证震荡阶段；入场原始价2～8元,288.0,0.982639,14317.0,0.704198,2690.0,0.772119,0.067921,0.174586,4370.0,0.289016,422.0,0.203791,-0.085225,-0.088315,0.168112,0.244815
S0002,STRONG_FRACTAL,FILTER_SELECTED,NOT_CONFIRMED,90.0,regime_sideways+price_1_6,上证震荡阶段；入场原始价1～6元,174.0,0.994253,13347.0,0.715517,1311.0,0.802441,0.086924,0.174609,4399.0,0.307797,212.0,0.212264,-0.095533,-0.111804,0.162593,0.272177
S0003,ENGULFING,FILTER_SELECTED,NOT_CONFIRMED,30.0,vol20_le_4pct+above_ma20,近160根日化波动率≤4%；个股位于MA160上方,79.0,0.848101,369.0,0.525745,230.0,0.556522,0.030777,0.031069,177.0,0.344633,130.0,0.338462,-0.006171,-0.017916,0.262799,0.423397
S0003,STRONG_FRACTAL,FILTER_SELECTED,NOT_CONFIRMED,60.0,reveal_first_hour+entry_vs_prior_close_le_3pct,10:00或10:30揭示；入场价相对昨收涨幅≤3%,68.0,0.985294,845.0,0.553846,439.0,0.596811,0.042965,0.063791,329.0,0.279635,188.0,0.265957,-0.013678,-0.028643,0.207945,0.333343
S0004,ENGULFING,FILTER_SELECTED,NOT_CONFIRMED,90.0,entry_vs_prior_close_le_3pct+price_3_10,入场价相对昨收涨幅≤3%；入场原始价3～10元,73.0,0.986301,2830.0,0.671378,718.0,0.724234,0.052856,0.134244,1084.0,0.250923,223.0,0.197309,-0.053614,-0.117736,0.150394,0.254477
S0004,STRONG_FRACTAL,FILTER_SELECTED,NOT_CONFIRMED,90.0,entry_vs_prior_close_le_3pct+price_2_8,入场价相对昨收涨幅≤3%；入场原始价2～8元,288.0,0.989583,7969.0,0.663195,1133.0,0.710503,0.047308,0.126447,2474.0,0.318917,272.0,0.172794,-0.146123,-0.143745,0.132503,0.222199
S0005,ENGULFING,FILTER_SELECTED,NOT_CONFIRMED,90.0,price_2_8+market20_neg,入场原始价2～8元；上证近20日收益≤0,109.0,0.990826,4243.0,0.689135,349.0,0.767908,0.078773,0.145164,1418.0,0.261636,50.0,0.06,-0.201636,-0.205796,0.020615,0.162171
S0005,STRONG_FRACTAL,FILTER_SELECTED,NOT_CONFIRMED,90.0,entry_vs_prior_close_le_3pct+price_2_8,入场价相对昨收涨幅≤3%；入场原始价2～8元,678.0,0.99115,10992.0,0.677766,1668.0,0.73801,0.060244,0.140645,3424.0,0.308995,407.0,0.181818,-0.127177,-0.161087,0.147379,0.222207
S0006,ENGULFING,FILTER_SELECTED,MIXED_POSITIVE,30.0,amount_ratio_ge_15+market20_neg,当前成交额≥近160根中位数1.5倍；上证近20日收益≤0,89.0,0.94382,1158.0,0.595855,158.0,0.829114,0.233259,0.109555,814.0,0.331695,116.0,0.396552,0.064857,0.012421,0.312223,0.487512
S0006,STRONG_FRACTAL,FILTER_SELECTED,INSUFFICIENT_HOLDOUT,90.0,price_le_20+market_below_ma200,入场原始价≤20元；上证位于MA200下方,245.0,0.987755,1940.0,0.736082,91.0,0.978022,0.24194,0.571192,557.0,0.263914,0.0,,0.0,,,
S0007,ENGULFING,FILTER_SELECTED,NOT_CONFIRMED,90.0,market20_neg,上证近20日收益≤0,102.0,0.970588,1375.0,0.677091,361.0,0.742382,0.065291,0.176663,472.0,0.258475,83.0,0.204819,-0.053656,-0.120263,0.131999,0.303755
S0007,STRONG_FRACTAL,FILTER_SELECTED,INSUFFICIENT_HOLDOUT,90.0,price_2_8+market20_neg,入场原始价2～8元；上证近20日收益≤0,193.0,0.989637,4077.0,0.673044,212.0,0.778302,0.105258,0.190863,1147.0,0.339146,37.0,0.27027,-0.068876,-0.075878,0.153975,0.429782
S0008,ENGULFING,FILTER_SELECTED,MIXED_POSITIVE,30.0,vol20_le_4pct+market20_neg,近160根日化波动率≤4%；上证近20日收益≤0,62.0,0.903226,297.0,0.542088,90.0,0.677778,0.13569,0.10676,195.0,0.364103,97.0,0.494845,0.130742,0.022972,0.397458,0.592625
S0008,STRONG_FRACTAL,FILTER_SELECTED,NOT_CONFIRMED,90.0,concurrent_ge_3+market20_neg,同K线触发条件数≥3；上证近20日收益≤0,122.0,0.959016,722.0,0.702216,235.0,0.723404,0.021188,0.143344,239.0,0.301255,75.0,0.226667,-0.074588,-0.089608,0.146614,0.333355
S0009,ENGULFING,FILTER_SELECTED,MIXED_POSITIVE,30.0,stock20_neg+market20_neg,个股近160根收益≤0；上证近20日收益≤0,209.0,0.961722,939.0,0.536741,174.0,0.718391,0.18165,0.087997,450.0,0.346667,170.0,0.417647,0.07098,0.012053,0.346133,0.4928
S0009,STRONG_FRACTAL,FILTER_SELECTED,INSUFFICIENT_HOLDOUT,90.0,price_3_10+market20_neg,入场原始价3～10元；上证近20日收益≤0,73.0,1.0,867.0,0.716263,73.0,0.849315,0.133052,0.229502,300.0,0.293333,26.0,0.230769,-0.062564,-0.126708,0.110338,0.420516
S0010,ENGULFING,FILTER_SELECTED,INSUFFICIENT_HOLDOUT,90.0,price_1_6+market20_neg,入场原始价1～6元；上证近20日收益≤0,76.0,1.0,4873.0,0.688898,170.0,0.858824,0.169926,0.208946,1944.0,0.258745,28.0,0.0,-0.258745,-0.238672,0.0,0.120643
S0010,STRONG_FRACTAL,FILTER_SELECTED,NOT_CONFIRMED,90.0,signal_age_le_2+price_1_6,信号在2根bar内揭示；入场原始价1～6元,319.0,0.987461,13037.0,0.674618,1042.0,0.746641,0.072023,0.146737,4194.0,0.312589,206.0,0.165049,-0.14754,-0.139036,0.12058,0.22178
S0011,ENGULFING,FILTER_SELECTED,NOT_CONFIRMED,30.0,stock20_pullback_10+market20_neg,个股近160根收益≤-10%；上证近20日收益≤0,64.0,0.96875,1326.0,0.595023,166.0,0.861446,0.266423,0.153086,728.0,0.321429,147.0,0.428571,0.107142,-0.021264,0.351396,0.509385
S0011,STRONG_FRACTAL,FILTER_SELECTED,NOT_CONFIRMED,90.0,same_code_models_ge_4+price_le_20,同股同揭示bar模型共识≥4；入场原始价≤20元,180.0,0.983333,2237.0,0.696468,872.0,0.737385,0.040917,0.164527,618.0,0.288026,204.0,0.254902,-0.033124,-0.10761,0.200011,0.318853
S0012,ENGULFING,FILTER_SELECTED,MIXED_POSITIVE,30.0,vol20_le_4pct+market20_neg,近160根日化波动率≤4%；上证近20日收益≤0,108.0,0.962963,314.0,0.659236,113.0,0.831858,0.172622,0.111002,143.0,0.265734,54.0,0.333333,0.067599,0.004873,0.222414,0.46639
S0012,STRONG_FRACTAL,FILTER_SELECTED,NOT_CONFIRMED,30.0,concurrent_ge_2+market20_neg,同K线触发条件数≥2；上证近20日收益≤0,174.0,0.87931,652.0,0.584356,233.0,0.669528,0.085172,0.072991,350.0,0.308571,117.0,0.376068,0.067497,-0.018285,0.293552,0.466464
S0013,ENGULFING,INSUFFICIENT_SAMPLE,INSUFFICIENT_SAMPLE,,,,,,,,,,,,,,,,,,,
S0013,STRONG_FRACTAL,INSUFFICIENT_SAMPLE,INSUFFICIENT_SAMPLE,,,,,,,,,,,,,,,,,,,
S0014,ENGULFING,INSUFFICIENT_SAMPLE,INSUFFICIENT_SAMPLE,,,,,,,,,,,,,,,,,,,
S0014,STRONG_FRACTAL,INSUFFICIENT_SAMPLE,INSUFFICIENT_SAMPLE,,,,,,,,,,,,,,,,,,,
S0015,ENGULFING,FILTER_SELECTED,NOT_CONFIRMED,60.0,price_le_20+stock20_pos,入场原始价≤20元；个股近160根收益>0,62.0,0.983871,607.0,0.579901,252.0,0.615079,0.035178,0.075472,195.0,0.348718,64.0,0.3125,-0.036218,-0.026749,0.212311,0.433923
S0015,STRONG_FRACTAL,FILTER_SELECTED,NOT_CONFIRMED,90.0,entry_vs_prior_close_le_3pct+price_1_6,入场价相对昨收涨幅≤3%；入场原始价1～6元,223.0,0.991031,5767.0,0.690307,466.0,0.76824,0.077933,0.14835,1732.0,0.28291,112.0,0.142857,-0.140053,-0.148899,0.089887,0.219514
S0016,ENGULFING,INSUFFICIENT_SAMPLE,INSUFFICIENT_SAMPLE,,,,,,,,,,,,,,,,,,,
S0016,STRONG_FRACTAL,FILTER_SELECTED,MIXED_POSITIVE,60.0,market_below_ma200,上证位于MA200下方,61.0,0.967213,1931.0,0.631797,167.0,0.964072,0.332275,0.277441,716.0,0.374302,94.0,0.457447,0.083145,0.183034,0.36039,0.557846
S0017,ENGULFING,FILTER_SELECTED,NOT_CONFIRMED,90.0,price_2_8+market20_neg,入场原始价2～8元；上证近20日收益≤0,188.0,1.0,5332.0,0.704239,379.0,0.802111,0.097872,0.186444,1548.0,0.273902,82.0,0.085366,-0.188536,-0.21502,0.041967,0.165875
S0017,STRONG_FRACTAL,FILTER_SELECTED,NOT_CONFIRMED,90.0,price_1_6,入场原始价1～6元,361.0,0.99169,14509.0,0.707492,1426.0,0.770687,0.063195,0.14833,4716.0,0.284563,376.0,0.148936,-0.135627,-0.145203,0.116507,0.188466
