group_rank,group_id,group_name,market_lane,lifecycle_stage,market_fit_grade,theme_id,theme_evidence_grade,relative_strength_pct,relative_strength_grade,breadth_grade,turnover_concentration_grade,core_role_hit_grade,contra_evidence_penalty,market_board_amount_raw,market_board_count_raw,clx_stock_count,shortlist_count,core_hit_count,clx_group_amount_yi,clx_group_avg_return_pct,representative_symbols,fit_reason,contra_evidence,sort_key,evidence_ids
1,软件/数字内容/计算机应用,软件/数字内容/计算机应用,current-mainline-continuation,acceleration,highest,TH-SOFTWARE,highest,,strong,strong,strong,good,0,,,29,1,1,219.101885,9.096976337263985,300418 昆仑万维;301218 华是科技;688227 品高股份;688258 卓易信息;688479 友车科技,映射冻结主题 TH-SOFTWARE | CLX组内29只，shortlist 1只，冻结核心命中1只,,0|0|0|0|0|1|0|0|软件/数字内容/计算机应用,PHASE-A-MARKET-STATE;CNINFO-INDUSTRY-FALLBACK;THS-ZYJS-FALLBACK;CLX-STOCK-RANKING
2,传媒娱乐,传媒娱乐,current-mainline-continuation,acceleration,highest,TH-SOFTWARE,highest,,strong,strong,neutral,unknown,0,,,2,0,0,10.977615,4.099067649401633,000504 南华生物;300251 光线传媒,映射冻结主题 TH-SOFTWARE | CLX组内2只，shortlist 0只，冻结核心命中0只,,0|0|0|0|2|5|0|0|传媒娱乐,PHASE-A-MARKET-STATE;CNINFO-INDUSTRY-FALLBACK;THS-ZYJS-FALLBACK;CLX-STOCK-RANKING
3,先进光伏电池修复,先进光伏电池修复,secondary-line,repair,medium,TH-PV,medium,,unknown,unknown,strong,good,0,,,7,1,1,82.406924,5.583744799067526,300757 罗博特科;300566 激智科技;688783 西安奕材;301517 陕西华达;301202 朗威股份,映射冻结主题 TH-PV | CLX组内7只，shortlist 1只，冻结核心命中1只,,2|2|5|5|0|1|2|0|先进光伏电池修复,PHASE-A-MARKET-STATE;CNINFO-INDUSTRY-FALLBACK;THS-ZYJS-FALLBACK;CLX-STOCK-RANKING
4,自动化/机器人修复,自动化/机器人修复,secondary-line,repair,medium,TH-AUTO,medium,,unknown,unknown,strong,good,0,,,24,1,1,97.986988,6.079104055236029,688017 绿的谐波;605186 健麾信息;301696 三瑞智能;300992 泰福泵业;001400 江顺科技,映射冻结主题 TH-AUTO | CLX组内24只，shortlist 1只，冻结核心命中1只,,2|2|5|5|0|1|2|0|自动化/机器人修复,PHASE-A-MARKET-STATE;CNINFO-INDUSTRY-FALLBACK;THS-ZYJS-FALLBACK;CLX-STOCK-RANKING
5,光伏,光伏,secondary-line,repair,medium,TH-PV,medium,,unknown,unknown,good,unknown,0,,,3,0,0,37.347232,4.495951241919631,002851 麦格米特;601778 晶科科技;605011 杭州热电,映射冻结主题 TH-PV | CLX组内3只，shortlist 0只，冻结核心命中0只,,2|2|5|5|1|5|2|0|光伏,PHASE-A-MARKET-STATE;CNINFO-INDUSTRY-FALLBACK;THS-ZYJS-FALLBACK;CLX-STOCK-RANKING
6,光伏概念,光伏概念,secondary-line,repair,medium,TH-PV,medium,,unknown,unknown,watch,unknown,0,,,1,0,0,1.536648,0.6521739130434856,601619 嘉泽新能,映射冻结主题 TH-PV | CLX组内1只，shortlist 0只，冻结核心命中0只,,2|2|5|5|3|5|2|0|光伏概念,PHASE-A-MARKET-STATE;CNINFO-INDUSTRY-FALLBACK;THS-ZYJS-FALLBACK;CLX-STOCK-RANKING
7,半导体设备,半导体设备,unclassified,not_located,low,,unknown,,unknown,unknown,strong,unknown,2,,,2,0,0,97.444863,6.846108147784413,300604 长川科技;300812 易天股份,已有业务行业但未映射冻结主题 | CLX组内2只，shortlist 0只，冻结核心命中0只,业务分组已补齐；冻结主题缺映射或板块强度待补证,6|5|5|5|0|5|4|2|半导体设备,PHASE-A-MARKET-STATE;CNINFO-INDUSTRY-FALLBACK;THS-ZYJS-FALLBACK;CLX-STOCK-RANKING
8,数字芯片设计,数字芯片设计,unclassified,not_located,low,,unknown,,unknown,unknown,strong,unknown,2,,,4,0,0,201.836319,6.699584796948077,688256 寒武纪;688332 中科蓝讯;688259 创耀科技;688385 复旦微电,已有业务行业但未映射冻结主题 | CLX组内4只，shortlist 0只，冻结核心命中0只,业务分组已补齐；冻结主题缺映射或板块强度待补证,6|5|5|5|0|5|4|2|数字芯片设计,PHASE-A-MARKET-STATE;CNINFO-INDUSTRY-FALLBACK;THS-ZYJS-FALLBACK;CLX-STOCK-RANKING
9,有色金属,有色金属,unclassified,not_located,low,,unknown,,unknown,unknown,strong,unknown,2,,,8,0,0,103.707391,3.978485365441156,002203 海亮股份;600362 江西铜业;600497 驰宏锌锗;600673 东阳光;000426 兴业银锡,已有业务行业但未映射冻结主题 | CLX组内8只，shortlist 0只，冻结核心命中0只,业务分组已补齐；冻结主题缺映射或板块强度待补证,6|5|5|5|0|5|4|2|有色金属,PHASE-A-MARKET-STATE;CNINFO-INDUSTRY-FALLBACK;THS-ZYJS-FALLBACK;CLX-STOCK-RANKING
10,消费电子零部件及组装,消费电子零部件及组装,unclassified,not_located,low,,unknown,,unknown,unknown,strong,unknown,2,,,3,0,0,88.934694,9.658195127555821,300857 协创数据;603629 利通电子;300916 朗特智能,已有业务行业但未映射冻结主题 | CLX组内3只，shortlist 0只，冻结核心命中0只,业务分组已补齐；冻结主题缺映射或板块强度待补证,6|5|5|5|0|5|4|2|消费电子零部件及组装,PHASE-A-MARKET-STATE;CNINFO-INDUSTRY-FALLBACK;THS-ZYJS-FALLBACK;CLX-STOCK-RANKING
11,玻璃行业,玻璃行业,unclassified,not_located,low,,unknown,,unknown,unknown,strong,unknown,2,,,2,0,0,164.19238900000002,3.865673791873059,600176 中国巨石;601636 旗滨集团,已有业务行业但未映射冻结主题 | CLX组内2只，shortlist 0只，冻结核心命中0只,业务分组已补齐；冻结主题缺映射或板块强度待补证,6|5|5|5|0|5|4|2|玻璃行业,PHASE-A-MARKET-STATE;CNINFO-INDUSTRY-FALLBACK;THS-ZYJS-FALLBACK;CLX-STOCK-RANKING
12,生物制药,生物制药,unclassified,not_located,low,,unknown,,unknown,unknown,strong,unknown,2,,,25,0,0,97.571733,1.1614792421268354,002603 以岭药业;002693 双成药业;300142 沃森生物;600201 生物股份;600267 海正药业,已有业务行业但未映射冻结主题 | CLX组内25只，shortlist 0只，冻结核心命中0只,业务分组已补齐；冻结主题缺映射或板块强度待补证,6|5|5|5|0|5|4|2|生物制药,PHASE-A-MARKET-STATE;CNINFO-INDUSTRY-FALLBACK;THS-ZYJS-FALLBACK;CLX-STOCK-RANKING
13,电子信息,电子信息,unclassified,not_located,low,,unknown,,unknown,unknown,strong,unknown,2,,,14,0,0,229.751646,5.716630875739615,000977 浪潮信息;300017 网宿科技;300166 东方国信;300390 天华新能;002230 科大讯飞,已有业务行业但未映射冻结主题 | CLX组内14只，shortlist 0只，冻结核心命中0只,业务分组已补齐；冻结主题缺映射或板块强度待补证,6|5|5|5|0|5|4|2|电子信息,PHASE-A-MARKET-STATE;CNINFO-INDUSTRY-FALLBACK;THS-ZYJS-FALLBACK;CLX-STOCK-RANKING
14,集成电路制造,集成电路制造,unclassified,not_located,low,,unknown,,unknown,unknown,strong,unknown,2,,,2,0,0,116.662136,0.8806029283278893,688981 中芯国际;688396 华润微,已有业务行业但未映射冻结主题 | CLX组内2只，shortlist 0只，冻结核心命中0只,业务分组已补齐；冻结主题缺映射或板块强度待补证,6|5|5|5|0|5|4|2|集成电路制造,PHASE-A-MARKET-STATE;CNINFO-INDUSTRY-FALLBACK;THS-ZYJS-FALLBACK;CLX-STOCK-RANKING
15,医疗器械,医疗器械,unclassified,not_located,low,,unknown,,unknown,unknown,good,unknown,2,,,5,0,0,46.704651000000005,6.324997208694514,002432 九安医疗;300244 迪安诊断;300238 冠昊生物;300412 迦南科技;301363 美好医疗,已有业务行业但未映射冻结主题 | CLX组内5只，shortlist 0只，冻结核心命中0只,业务分组已补齐；冻结主题缺映射或板块强度待补证,6|5|5|5|1|5|4|2|医疗器械,PHASE-A-MARKET-STATE;CNINFO-INDUSTRY-FALLBACK;THS-ZYJS-FALLBACK;CLX-STOCK-RANKING
16,半导体,半导体,unclassified,not_located,low,,unknown,,unknown,unknown,good,unknown,2,,,6,0,0,33.317257,5.665491877033502,688172 燕东微;688392 骄成超声;688790 昂瑞微;688795 摩尔线程;688489 三未信安,已有业务行业但未映射冻结主题 | CLX组内6只，shortlist 0只，冻结核心命中0只,业务分组已补齐；冻结主题缺映射或板块强度待补证,6|5|5|5|1|5|4|2|半导体,PHASE-A-MARKET-STATE;CNINFO-INDUSTRY-FALLBACK;THS-ZYJS-FALLBACK;CLX-STOCK-RANKING
17,印制电路板,印制电路板,unclassified,not_located,low,,unknown,,unknown,unknown,good,unknown,2,,,3,0,0,41.372355,10.73189850792627,300936 中英科技;688183 生益电子;300657 弘信电子,已有业务行业但未映射冻结主题 | CLX组内3只，shortlist 0只，冻结核心命中0只,业务分组已补齐；冻结主题缺映射或板块强度待补证,6|5|5|5|1|5|4|2|印制电路板,PHASE-A-MARKET-STATE;CNINFO-INDUSTRY-FALLBACK;THS-ZYJS-FALLBACK;CLX-STOCK-RANKING
18,发电设备,发电设备,unclassified,not_located,low,,unknown,,unknown,unknown,good,unknown,2,,,5,0,0,36.24677,4.230994352979907,600312 平高电气;000682 东方电子;300040 九洲集团;300120 经纬辉开;600580 卧龙电驱,已有业务行业但未映射冻结主题 | CLX组内5只，shortlist 0只，冻结核心命中0只,业务分组已补齐；冻结主题缺映射或板块强度待补证,6|5|5|5|1|5|4|2|发电设备,PHASE-A-MARKET-STATE;CNINFO-INDUSTRY-FALLBACK;THS-ZYJS-FALLBACK;CLX-STOCK-RANKING
19,无线耳机,无线耳机,unclassified,not_located,low,,unknown,,unknown,unknown,good,unknown,2,,,3,0,0,37.733095,5.879030404434811,300661 圣邦股份;603283 赛腾股份;603626 科森科技,已有业务行业但未映射冻结主题 | CLX组内3只，shortlist 0只，冻结核心命中0只,业务分组已补齐；冻结主题缺映射或板块强度待补证,6|5|5|5|1|5|4|2|无线耳机,PHASE-A-MARKET-STATE;CNINFO-INDUSTRY-FALLBACK;THS-ZYJS-FALLBACK;CLX-STOCK-RANKING
20,机械行业,机械行业,unclassified,not_located,low,,unknown,,unknown,unknown,good,unknown,2,,,13,0,0,58.733302,4.082123561276466,002552 宝鼎科技;601100 恒立液压;002009 天奇股份;002445 中南文化;002472 双环传动,已有业务行业但未映射冻结主题 | CLX组内13只，shortlist 0只，冻结核心命中0只,业务分组已补齐；冻结主题缺映射或板块强度待补证,6|5|5|5|1|5|4|2|机械行业,PHASE-A-MARKET-STATE;CNINFO-INDUSTRY-FALLBACK;THS-ZYJS-FALLBACK;CLX-STOCK-RANKING
21,金融行业,金融行业,unclassified,not_located,low,,unknown,,unknown,unknown,good,unknown,2,,,5,0,0,38.877044999999995,0.11929867860496879,600999 招商证券;000728 国元证券;601336 新华保险;601377 XD兴业证;601788 光大证券,已有业务行业但未映射冻结主题 | CLX组内5只，shortlist 0只，冻结核心命中0只,业务分组已补齐；冻结主题缺映射或板块强度待补证,6|5|5|5|1|5|4|2|金融行业,PHASE-A-MARKET-STATE;CNINFO-INDUSTRY-FALLBACK;THS-ZYJS-FALLBACK;CLX-STOCK-RANKING
22,光学元件,光学元件,unclassified,not_located,low,,unknown,,unknown,unknown,neutral,unknown,2,,,2,0,0,22.826179,9.955438712185416,688322 奥比中光;003015 日久光电,已有业务行业但未映射冻结主题 | CLX组内2只，shortlist 0只，冻结核心命中0只,业务分组已补齐；冻结主题缺映射或板块强度待补证,6|5|5|5|2|5|4|2|光学元件,PHASE-A-MARKET-STATE;CNINFO-INDUSTRY-FALLBACK;THS-ZYJS-FALLBACK;CLX-STOCK-RANKING
23,其它行业,其它行业,unclassified,not_located,low,,unknown,,unknown,unknown,neutral,unknown,2,,,3,0,0,11.250489,3.4035276563978125,603669 灵康药业;603989 艾华集团;002755 奥赛康,已有业务行业但未映射冻结主题 | CLX组内3只，shortlist 0只，冻结核心命中0只,业务分组已补齐；冻结主题缺映射或板块强度待补证,6|5|5|5|2|5|4|2|其它行业,PHASE-A-MARKET-STATE;CNINFO-INDUSTRY-FALLBACK;THS-ZYJS-FALLBACK;CLX-STOCK-RANKING
24,农林牧渔,农林牧渔,unclassified,not_located,low,,unknown,,unknown,unknown,neutral,unknown,2,,,9,0,0,16.549387,2.769217515593768,000048 京基智农;000592 平潭发展;002124 天邦食品;002385 大北农;002567 唐人神,已有业务行业但未映射冻结主题 | CLX组内9只，shortlist 0只，冻结核心命中0只,业务分组已补齐；冻结主题缺映射或板块强度待补证,6|5|5|5|2|5|4|2|农林牧渔,PHASE-A-MARKET-STATE;CNINFO-INDUSTRY-FALLBACK;THS-ZYJS-FALLBACK;CLX-STOCK-RANKING
25,半导体材料,半导体材料,unclassified,not_located,low,,unknown,,unknown,unknown,neutral,unknown,2,,,1,0,0,25.898413,3.664459161147904,688126 沪硅产业,已有业务行业但未映射冻结主题 | CLX组内1只，shortlist 0只，冻结核心命中0只,业务分组已补齐；冻结主题缺映射或板块强度待补证,6|5|5|5|2|5|4|2|半导体材料,PHASE-A-MARKET-STATE;CNINFO-INDUSTRY-FALLBACK;THS-ZYJS-FALLBACK;CLX-STOCK-RANKING
26,商业百货,商业百货,unclassified,not_located,low,,unknown,,unknown,unknown,neutral,unknown,2,,,4,0,0,17.664357,4.245235865270297,600998 九州通;000062 深圳华强;000889 中嘉博创;600821 金开新能,已有业务行业但未映射冻结主题 | CLX组内4只，shortlist 0只，冻结核心命中0只,业务分组已补齐；冻结主题缺映射或板块强度待补证,6|5|5|5|2|5|4|2|商业百货,PHASE-A-MARKET-STATE;CNINFO-INDUSTRY-FALLBACK;THS-ZYJS-FALLBACK;CLX-STOCK-RANKING
27,有机硅,有机硅,unclassified,not_located,low,,unknown,,unknown,unknown,neutral,unknown,2,,,1,0,0,11.4344,1.928571428571435,300821 东岳硅材,已有业务行业但未映射冻结主题 | CLX组内1只，shortlist 0只，冻结核心命中0只,业务分组已补齐；冻结主题缺映射或板块强度待补证,6|5|5|5|2|5|4|2|有机硅,PHASE-A-MARKET-STATE;CNINFO-INDUSTRY-FALLBACK;THS-ZYJS-FALLBACK;CLX-STOCK-RANKING
28,核电核能,核电核能,unclassified,not_located,low,,unknown,,unknown,unknown,neutral,unknown,2,,,1,0,0,20.032661,11.854151739511188,300489 光智科技,已有业务行业但未映射冻结主题 | CLX组内1只，shortlist 0只，冻结核心命中0只,业务分组已补齐；冻结主题缺映射或板块强度待补证,6|5|5|5|2|5|4|2|核电核能,PHASE-A-MARKET-STATE;CNINFO-INDUSTRY-FALLBACK;THS-ZYJS-FALLBACK;CLX-STOCK-RANKING
29,汽车零部件/整车,汽车零部件/整车,unclassified,not_located,low,,unknown,,unknown,unknown,neutral,unknown,2,,,3,0,0,17.133833999999997,10.257365832963757,301626 苏州天脉;301529 福赛科技;301550 斯菱智驱,已有业务行业但未映射冻结主题 | CLX组内3只，shortlist 0只，冻结核心命中0只,业务分组已补齐；冻结主题缺映射或板块强度待补证,6|5|5|5|2|5|4|2|汽车零部件/整车,PHASE-A-MARKET-STATE;CNINFO-INDUSTRY-FALLBACK;THS-ZYJS-FALLBACK;CLX-STOCK-RANKING
30,煤炭行业,煤炭行业,unclassified,not_located,low,,unknown,,unknown,unknown,neutral,unknown,2,,,3,0,0,14.467372000000001,0.4366229520617641,600179 安通控股;601225 陕西煤业;000723 美锦能源,已有业务行业但未映射冻结主题 | CLX组内3只，shortlist 0只，冻结核心命中0只,业务分组已补齐；冻结主题缺映射或板块强度待补证,6|5|5|5|2|5|4|2|煤炭行业,PHASE-A-MARKET-STATE;CNINFO-INDUSTRY-FALLBACK;THS-ZYJS-FALLBACK;CLX-STOCK-RANKING
31,电器行业,电器行业,unclassified,not_located,low,,unknown,,unknown,unknown,neutral,unknown,2,,,3,0,0,10.827777000000001,5.401831578729044,002266 浙富控股;002647 仁东控股;002380 科远智慧,已有业务行业但未映射冻结主题 | CLX组内3只，shortlist 0只，冻结核心命中0只,业务分组已补齐；冻结主题缺映射或板块强度待补证,6|5|5|5|2|5|4|2|电器行业,PHASE-A-MARKET-STATE;CNINFO-INDUSTRY-FALLBACK;THS-ZYJS-FALLBACK;CLX-STOCK-RANKING
32,电子器件,电子器件,unclassified,not_located,low,,unknown,,unknown,unknown,neutral,unknown,2,,,7,0,0,29.080605,4.527324183845053,002638 勤上股份;002402 和而泰;300154 瑞凌股份;300224 正海磁材;300269 联建光电,已有业务行业但未映射冻结主题 | CLX组内7只，shortlist 0只，冻结核心命中0只,业务分组已补齐；冻结主题缺映射或板块强度待补证,6|5|5|5|2|5|4|2|电子器件,PHASE-A-MARKET-STATE;CNINFO-INDUSTRY-FALLBACK;THS-ZYJS-FALLBACK;CLX-STOCK-RANKING
33,证券,证券,unclassified,not_located,low,,unknown,,unknown,unknown,neutral,unknown,2,,,5,0,0,28.481455,0.8004246813525651,600909 华安证券;601108 财通证券;601059 信达证券;601878 浙商证券;601881 中国银河,已有业务行业但未映射冻结主题 | CLX组内5只，shortlist 0只，冻结核心命中0只,业务分组已补齐；冻结主题缺映射或板块强度待补证,6|5|5|5|2|5|4|2|证券,PHASE-A-MARKET-STATE;CNINFO-INDUSTRY-FALLBACK;THS-ZYJS-FALLBACK;CLX-STOCK-RANKING
34,通信网络设备及器件,通信网络设备及器件,unclassified,not_located,low,,unknown,,unknown,unknown,neutral,unknown,2,,,1,0,0,12.009638,9.67779122716006,688668 鼎通科技,已有业务行业但未映射冻结主题 | CLX组内1只，shortlist 0只，冻结核心命中0只,业务分组已补齐；冻结主题缺映射或板块强度待补证,6|5|5|5|2|5|4|2|通信网络设备及器件,PHASE-A-MARKET-STATE;CNINFO-INDUSTRY-FALLBACK;THS-ZYJS-FALLBACK;CLX-STOCK-RANKING
35,锂电池,锂电池,unclassified,not_located,low,,unknown,,unknown,unknown,neutral,unknown,2,,,1,0,0,12.164356,6.864009378663538,002850 科达利,已有业务行业但未映射冻结主题 | CLX组内1只，shortlist 0只，冻结核心命中0只,业务分组已补齐；冻结主题缺映射或板块强度待补证,6|5|5|5|2|5|4|2|锂电池,PHASE-A-MARKET-STATE;CNINFO-INDUSTRY-FALLBACK;THS-ZYJS-FALLBACK;CLX-STOCK-RANKING
36,陶瓷行业,陶瓷行业,unclassified,not_located,low,,unknown,,unknown,unknown,neutral,unknown,2,,,1,0,0,12.7737,3.809523809523796,603268 松发股份,已有业务行业但未映射冻结主题 | CLX组内1只，shortlist 0只，冻结核心命中0只,业务分组已补齐；冻结主题缺映射或板块强度待补证,6|5|5|5|2|5|4|2|陶瓷行业,PHASE-A-MARKET-STATE;CNINFO-INDUSTRY-FALLBACK;THS-ZYJS-FALLBACK;CLX-STOCK-RANKING
37,公路桥梁,公路桥梁,unclassified,not_located,low,,unknown,,unknown,unknown,watch,unknown,2,,,1,0,0,2.588195,4.224058769513306,600350 山东高速,已有业务行业但未映射冻结主题 | CLX组内1只，shortlist 0只，冻结核心命中0只,业务分组已补齐；冻结主题缺映射或板块强度待补证,6|5|5|5|3|5|4|2|公路桥梁,PHASE-A-MARKET-STATE;CNINFO-INDUSTRY-FALLBACK;THS-ZYJS-FALLBACK;CLX-STOCK-RANKING
38,公路货运,公路货运,unclassified,not_located,low,,unknown,,unknown,unknown,watch,unknown,2,,,1,0,0,1.790547,6.468172484599588,603223 恒通股份,已有业务行业但未映射冻结主题 | CLX组内1只，shortlist 0只，冻结核心命中0只,业务分组已补齐；冻结主题缺映射或板块强度待补证,6|5|5|5|3|5|4|2|公路货运,PHASE-A-MARKET-STATE;CNINFO-INDUSTRY-FALLBACK;THS-ZYJS-FALLBACK;CLX-STOCK-RANKING
39,其他交运设备,其他交运设备,unclassified,not_located,low,,unknown,,unknown,unknown,watch,unknown,2,,,1,0,0,7.050516,11.798497569597878,301345 涛涛车业,已有业务行业但未映射冻结主题 | CLX组内1只，shortlist 0只，冻结核心命中0只,业务分组已补齐；冻结主题缺映射或板块强度待补证,6|5|5|5|3|5|4|2|其他交运设备,PHASE-A-MARKET-STATE;CNINFO-INDUSTRY-FALLBACK;THS-ZYJS-FALLBACK;CLX-STOCK-RANKING
40,其他化学制品,其他化学制品,unclassified,not_located,low,,unknown,,unknown,unknown,watch,unknown,2,,,2,0,0,5.01315,7.958937691588219,301373 凌玮科技;301395 仁信新材,已有业务行业但未映射冻结主题 | CLX组内2只，shortlist 0只，冻结核心命中0只,业务分组已补齐；冻结主题缺映射或板块强度待补证,6|5|5|5|3|5|4|2|其他化学制品,PHASE-A-MARKET-STATE;CNINFO-INDUSTRY-FALLBACK;THS-ZYJS-FALLBACK;CLX-STOCK-RANKING
41,其他数字媒体,其他数字媒体,unclassified,not_located,low,,unknown,,unknown,unknown,watch,unknown,2,,,1,0,0,8.257128999999999,10.021551724137945,603466 风语筑,已有业务行业但未映射冻结主题 | CLX组内1只，shortlist 0只，冻结核心命中0只,业务分组已补齐；冻结主题缺映射或板块强度待补证,6|5|5|5|3|5|4|2|其他数字媒体,PHASE-A-MARKET-STATE;CNINFO-INDUSTRY-FALLBACK;THS-ZYJS-FALLBACK;CLX-STOCK-RANKING
42,其它视听器材,其它视听器材,unclassified,not_located,low,,unknown,,unknown,unknown,watch,unknown,2,,,1,0,0,0.6396,3.826530612244916,002848 高斯贝尔,已有业务行业但未映射冻结主题 | CLX组内1只，shortlist 0只，冻结核心命中0只,业务分组已补齐；冻结主题缺映射或板块强度待补证,6|5|5|5|3|5|4|2|其它视听器材,PHASE-A-MARKET-STATE;CNINFO-INDUSTRY-FALLBACK;THS-ZYJS-FALLBACK;CLX-STOCK-RANKING
43,化学原料药,化学原料药,unclassified,not_located,low,,unknown,,unknown,unknown,watch,unknown,2,,,4,0,0,9.129480000000001,2.531132298285732,300765 石药创新;301277 新天地;301301 川宁生物;603229 奥翔药业,已有业务行业但未映射冻结主题 | CLX组内4只，shortlist 0只，冻结核心命中0只,业务分组已补齐；冻结主题缺映射或板块强度待补证,6|5|5|5|3|5|4|2|化学原料药,PHASE-A-MARKET-STATE;CNINFO-INDUSTRY-FALLBACK;THS-ZYJS-FALLBACK;CLX-STOCK-RANKING
44,化工材料,化工材料,unclassified,not_located,low,,unknown,,unknown,unknown,watch,unknown,2,,,6,0,0,7.869052,5.414257831450271,001359 平安电工;001356 富岭股份;001395 亚联机械;301618 长联科技;603004 鼎龙科技,已有业务行业但未映射冻结主题 | CLX组内6只，shortlist 0只，冻结核心命中0只,业务分组已补齐；冻结主题缺映射或板块强度待补证,6|5|5|5|3|5|4|2|化工材料,PHASE-A-MARKET-STATE;CNINFO-INDUSTRY-FALLBACK;THS-ZYJS-FALLBACK;CLX-STOCK-RANKING
45,医疗设备,医疗设备,unclassified,not_located,low,,unknown,,unknown,unknown,watch,unknown,2,,,3,0,0,7.8742090000000005,8.552489689316404,688677 海泰新光;688580 伟思医疗;688626 翔宇医疗,已有业务行业但未映射冻结主题 | CLX组内3只，shortlist 0只，冻结核心命中0只,业务分组已补齐；冻结主题缺映射或板块强度待补证,6|5|5|5|3|5|4|2|医疗设备,PHASE-A-MARKET-STATE;CNINFO-INDUSTRY-FALLBACK;THS-ZYJS-FALLBACK;CLX-STOCK-RANKING
46,华为海思,华为海思,unclassified,not_located,low,,unknown,,unknown,unknown,watch,unknown,2,,,2,0,0,9.920879000000001,8.69156837046745,603738 泰晶科技;300609 汇纳科技,已有业务行业但未映射冻结主题 | CLX组内2只，shortlist 0只，冻结核心命中0只,业务分组已补齐；冻结主题缺映射或板块强度待补证,6|5|5|5|3|5|4|2|华为海思,PHASE-A-MARKET-STATE;CNINFO-INDUSTRY-FALLBACK;THS-ZYJS-FALLBACK;CLX-STOCK-RANKING
47,塑料制品,塑料制品,unclassified,not_located,low,,unknown,,unknown,unknown,watch,unknown,2,,,2,0,0,3.6176719999999998,3.646952293532457,300221 银禧科技;300218 安利股份,已有业务行业但未映射冻结主题 | CLX组内2只，shortlist 0只，冻结核心命中0只,业务分组已补齐；冻结主题缺映射或板块强度待补证,6|5|5|5|3|5|4|2|塑料制品,PHASE-A-MARKET-STATE;CNINFO-INDUSTRY-FALLBACK;THS-ZYJS-FALLBACK;CLX-STOCK-RANKING
48,工控设备,工控设备,unclassified,not_located,low,,unknown,,unknown,unknown,watch,unknown,2,,,1,0,0,3.179317,9.257964645960271,688160 步科股份,已有业务行业但未映射冻结主题 | CLX组内1只，shortlist 0只，冻结核心命中0只,业务分组已补齐；冻结主题缺映射或板块强度待补证,6|5|5|5|3|5|4|2|工控设备,PHASE-A-MARKET-STATE;CNINFO-INDUSTRY-FALLBACK;THS-ZYJS-FALLBACK;CLX-STOCK-RANKING
49,工程咨询服务,工程咨询服务,unclassified,not_located,low,,unknown,,unknown,unknown,watch,unknown,2,,,3,0,0,3.29949,8.009718925559195,300668 杰恩股份;301024 霍普股份;603909 建发合诚,已有业务行业但未映射冻结主题 | CLX组内3只，shortlist 0只，冻结核心命中0只,业务分组已补齐；冻结主题缺映射或板块强度待补证,6|5|5|5|3|5|4|2|工程咨询服务,PHASE-A-MARKET-STATE;CNINFO-INDUSTRY-FALLBACK;THS-ZYJS-FALLBACK;CLX-STOCK-RANKING
50,有色金属/战略资源,有色金属/战略资源,unclassified,not_located,low,,unknown,,unknown,unknown,watch,unknown,2,,,3,0,0,9.775333,4.552670564754561,688480 赛恩斯;688530 欧莱新材;001257 盛龙股份,已有业务行业但未映射冻结主题 | CLX组内3只，shortlist 0只，冻结核心命中0只,业务分组已补齐；冻结主题缺映射或板块强度待补证,6|5|5|5|3|5|4|2|有色金属/战略资源,PHASE-A-MARKET-STATE;CNINFO-INDUSTRY-FALLBACK;THS-ZYJS-FALLBACK;CLX-STOCK-RANKING
51,氟化工及制冷剂,氟化工及制冷剂,unclassified,not_located,low,,unknown,,unknown,unknown,watch,unknown,2,,,1,0,0,8.300955,2.2207153754873588,603379 三美股份,已有业务行业但未映射冻结主题 | CLX组内1只，shortlist 0只，冻结核心命中0只,业务分组已补齐；冻结主题缺映射或板块强度待补证,6|5|5|5|3|5|4|2|氟化工及制冷剂,PHASE-A-MARKET-STATE;CNINFO-INDUSTRY-FALLBACK;THS-ZYJS-FALLBACK;CLX-STOCK-RANKING
52,水电,水电,unclassified,not_located,low,,unknown,,unknown,unknown,watch,unknown,2,,,1,0,0,3.064613,-0.1972386587771324,600025 华能水电,已有业务行业但未映射冻结主题 | CLX组内1只，shortlist 0只，冻结核心命中0只,业务分组已补齐；冻结主题缺映射或板块强度待补证,6|5|5|5|3|5|4|2|水电,PHASE-A-MARKET-STATE;CNINFO-INDUSTRY-FALLBACK;THS-ZYJS-FALLBACK;CLX-STOCK-RANKING
53,照明设备,照明设备,unclassified,not_located,low,,unknown,,unknown,unknown,watch,unknown,2,,,1,0,0,1.018127,4.223806911684025,603303 得邦照明,已有业务行业但未映射冻结主题 | CLX组内1只，shortlist 0只，冻结核心命中0只,业务分组已补齐；冻结主题缺映射或板块强度待补证,6|5|5|5|3|5|4|2|照明设备,PHASE-A-MARKET-STATE;CNINFO-INDUSTRY-FALLBACK;THS-ZYJS-FALLBACK;CLX-STOCK-RANKING
54,环保工程及服务,环保工程及服务,unclassified,not_located,low,,unknown,,unknown,unknown,watch,unknown,2,,,2,0,0,3.163074,3.153034122015341,688485 九州一轨;301203 国泰环保,已有业务行业但未映射冻结主题 | CLX组内2只，shortlist 0只，冻结核心命中0只,业务分组已补齐；冻结主题缺映射或板块强度待补证,6|5|5|5|3|5|4|2|环保工程及服务,PHASE-A-MARKET-STATE;CNINFO-INDUSTRY-FALLBACK;THS-ZYJS-FALLBACK;CLX-STOCK-RANKING
55,瓷砖地板,瓷砖地板,unclassified,not_located,low,,unknown,,unknown,unknown,watch,unknown,2,,,1,0,0,1.814087,4.67550593161199,603226 菲林格尔,已有业务行业但未映射冻结主题 | CLX组内1只，shortlist 0只，冻结核心命中0只,业务分组已补齐；冻结主题缺映射或板块强度待补证,6|5|5|5|3|5|4|2|瓷砖地板,PHASE-A-MARKET-STATE;CNINFO-INDUSTRY-FALLBACK;THS-ZYJS-FALLBACK;CLX-STOCK-RANKING
56,生物制品,生物制品,unclassified,not_located,low,,unknown,,unknown,unknown,watch,unknown,2,,,1,0,0,0.670362,11.446249033255995,688163 赛伦生物,已有业务行业但未映射冻结主题 | CLX组内1只，shortlist 0只，冻结核心命中0只,业务分组已补齐；冻结主题缺映射或板块强度待补证,6|5|5|5|3|5|4|2|生物制品,PHASE-A-MARKET-STATE;CNINFO-INDUSTRY-FALLBACK;THS-ZYJS-FALLBACK;CLX-STOCK-RANKING
57,电力/公用事业,电力/公用事业,unclassified,not_located,low,,unknown,,unknown,unknown,watch,unknown,2,,,2,0,0,4.968495,3.3342100572032463,301638 南网数字;001239 永达股份,已有业务行业但未映射冻结主题 | CLX组内2只，shortlist 0只，冻结核心命中0只,业务分组已补齐；冻结主题缺映射或板块强度待补证,6|5|5|5|3|5|4|2|电力/公用事业,PHASE-A-MARKET-STATE;CNINFO-INDUSTRY-FALLBACK;THS-ZYJS-FALLBACK;CLX-STOCK-RANKING
58,租赁,租赁,unclassified,not_located,low,,unknown,,unknown,unknown,watch,unknown,2,,,1,0,0,2.921969,-0.1526717557251866,600901 江苏金租,已有业务行业但未映射冻结主题 | CLX组内1只，shortlist 0只，冻结核心命中0只,业务分组已补齐；冻结主题缺映射或板块强度待补证,6|5|5|5|3|5|4|2|租赁,PHASE-A-MARKET-STATE;CNINFO-INDUSTRY-FALLBACK;THS-ZYJS-FALLBACK;CLX-STOCK-RANKING
59,纺织行业,纺织行业,unclassified,not_located,low,,unknown,,unknown,unknown,watch,unknown,2,,,2,0,0,1.236266,2.757169710452334,600851 海欣股份;000955 欣龙控股,已有业务行业但未映射冻结主题 | CLX组内2只，shortlist 0只，冻结核心命中0只,业务分组已补齐；冻结主题缺映射或板块强度待补证,6|5|5|5|3|5|4|2|纺织行业,PHASE-A-MARKET-STATE;CNINFO-INDUSTRY-FALLBACK;THS-ZYJS-FALLBACK;CLX-STOCK-RANKING
60,装修装饰,装修装饰,unclassified,not_located,low,,unknown,,unknown,unknown,watch,unknown,2,,,1,0,0,1.228936,10.012674271229404,605287 德才股份,已有业务行业但未映射冻结主题 | CLX组内1只，shortlist 0只，冻结核心命中0只,业务分组已补齐；冻结主题缺映射或板块强度待补证,6|5|5|5|3|5|4|2|装修装饰,PHASE-A-MARKET-STATE;CNINFO-INDUSTRY-FALLBACK;THS-ZYJS-FALLBACK;CLX-STOCK-RANKING
61,超市,超市,unclassified,not_located,low,,unknown,,unknown,unknown,watch,unknown,2,,,1,0,0,7.050816,10.011743981209609,603031 安孚科技,已有业务行业但未映射冻结主题 | CLX组内1只，shortlist 0只，冻结核心命中0只,业务分组已补齐；冻结主题缺映射或板块强度待补证,6|5|5|5|3|5|4|2|超市,PHASE-A-MARKET-STATE;CNINFO-INDUSTRY-FALLBACK;THS-ZYJS-FALLBACK;CLX-STOCK-RANKING
62,钒电池,钒电池,unclassified,not_located,low,,unknown,,unknown,unknown,watch,unknown,2,,,1,0,0,6.521907,9.996467679265276,603067 振华股份,已有业务行业但未映射冻结主题 | CLX组内1只，shortlist 0只，冻结核心命中0只,业务分组已补齐；冻结主题缺映射或板块强度待补证,6|5|5|5|3|5|4|2|钒电池,PHASE-A-MARKET-STATE;CNINFO-INDUSTRY-FALLBACK;THS-ZYJS-FALLBACK;CLX-STOCK-RANKING
63,铜,铜,unclassified,not_located,low,,unknown,,unknown,unknown,watch,unknown,2,,,1,0,0,4.766237,3.5260930888575404,688456 有研粉材,已有业务行业但未映射冻结主题 | CLX组内1只，shortlist 0只，冻结核心命中0只,业务分组已补齐；冻结主题缺映射或板块强度待补证,6|5|5|5|3|5|4|2|铜,PHASE-A-MARKET-STATE;CNINFO-INDUSTRY-FALLBACK;THS-ZYJS-FALLBACK;CLX-STOCK-RANKING
64,鞋帽,鞋帽,unclassified,not_located,low,,unknown,,unknown,unknown,watch,unknown,2,,,2,0,0,4.50826,7.41215367790019,603608 天创时尚;603958 哈森股份,已有业务行业但未映射冻结主题 | CLX组内2只，shortlist 0只，冻结核心命中0只,业务分组已补齐；冻结主题缺映射或板块强度待补证,6|5|5|5|3|5|4|2|鞋帽,PHASE-A-MARKET-STATE;CNINFO-INDUSTRY-FALLBACK;THS-ZYJS-FALLBACK;CLX-STOCK-RANKING
65,食品行业,食品行业,unclassified,not_located,low,,unknown,,unknown,unknown,watch,unknown,2,,,4,0,0,7.556372,0.4296580827723663,000848 承德露露;600866 星湖科技;600873 梅花生物;603020 爱普股份,已有业务行业但未映射冻结主题 | CLX组内4只，shortlist 0只，冻结核心命中0只,业务分组已补齐；冻结主题缺映射或板块强度待补证,6|5|5|5|3|5|4|2|食品行业,PHASE-A-MARKET-STATE;CNINFO-INDUSTRY-FALLBACK;THS-ZYJS-FALLBACK;CLX-STOCK-RANKING
66,华为鸿蒙,华为鸿蒙,technical-reversal-only,not_located,low,,unknown,,unknown,unknown,good,unknown,2,,,3,0,0,43.994277,12.502562264500964,300496 中科创达;300663 科蓝软件;300766 每日互动,已有业务行业但未映射冻结主题 | CLX组内3只，shortlist 0只，冻结核心命中0只,业务分组已补齐；冻结主题缺映射或板块强度待补证,7|5|5|5|1|5|4|2|华为鸿蒙,PHASE-A-MARKET-STATE;CNINFO-INDUSTRY-FALLBACK;THS-ZYJS-FALLBACK;CLX-STOCK-RANKING
67,仪器仪表,仪器仪表,technical-reversal-only,not_located,low,,unknown,,unknown,unknown,neutral,unknown,2,,,5,0,0,14.077937,4.304986886553808,002197 证通电子;002338 奥普光电;300354 东华测试;600848 上海临港;688112 鼎阳科技,已有业务行业但未映射冻结主题 | CLX组内5只，shortlist 0只，冻结核心命中0只,业务分组已补齐；冻结主题缺映射或板块强度待补证,7|5|5|5|2|5|4|2|仪器仪表,PHASE-A-MARKET-STATE;CNINFO-INDUSTRY-FALLBACK;THS-ZYJS-FALLBACK;CLX-STOCK-RANKING
68,其他电子,其他电子,technical-reversal-only,not_located,low,,unknown,,unknown,unknown,neutral,unknown,2,,,3,0,0,16.274489,5.043444101722964,301379 天山电子;301413 安培龙;301566 达利凯普,已有业务行业但未映射冻结主题 | CLX组内3只，shortlist 0只，冻结核心命中0只,业务分组已补齐；冻结主题缺映射或板块强度待补证,7|5|5|5|2|5|4|2|其他电子,PHASE-A-MARKET-STATE;CNINFO-INDUSTRY-FALLBACK;THS-ZYJS-FALLBACK;CLX-STOCK-RANKING
69,农药化肥,农药化肥,technical-reversal-only,not_located,low,,unknown,,unknown,unknown,neutral,unknown,2,,,3,0,0,14.104399,1.2732657486474859,002470 金正大;600226 亨通股份;600596 新安股份,已有业务行业但未映射冻结主题 | CLX组内3只，shortlist 0只，冻结核心命中0只,业务分组已补齐；冻结主题缺映射或板块强度待补证,7|5|5|5|2|5|4|2|农药化肥,PHASE-A-MARKET-STATE;CNINFO-INDUSTRY-FALLBACK;THS-ZYJS-FALLBACK;CLX-STOCK-RANKING
70,创新药,创新药,technical-reversal-only,not_located,low,,unknown,,unknown,unknown,neutral,unknown,2,,,10,0,0,11.063954,1.8729623545579899,300584 海辰药业;688136 科兴制药;688177 百奥泰;688180 君实生物;688185 康希诺,已有业务行业但未映射冻结主题 | CLX组内10只，shortlist 0只，冻结核心命中0只,业务分组已补齐；冻结主题缺映射或板块强度待补证,7|5|5|5|2|5|4|2|创新药,PHASE-A-MARKET-STATE;CNINFO-INDUSTRY-FALLBACK;THS-ZYJS-FALLBACK;CLX-STOCK-RANKING
71,化工行业,化工行业,technical-reversal-only,not_located,low,,unknown,,unknown,unknown,neutral,unknown,2,,,11,0,0,18.970755,2.0356240472005784,000818 航锦科技;000985 大庆华科;002037 保利联合;002476 新叶股份;002632 道明光学,已有业务行业但未映射冻结主题 | CLX组内11只，shortlist 0只，冻结核心命中0只,业务分组已补齐；冻结主题缺映射或板块强度待补证,7|5|5|5|2|5|4|2|化工行业,PHASE-A-MARKET-STATE;CNINFO-INDUSTRY-FALLBACK;THS-ZYJS-FALLBACK;CLX-STOCK-RANKING
72,服装鞋类,服装鞋类,technical-reversal-only,not_located,low,,unknown,,unknown,unknown,neutral,unknown,2,,,1,0,0,21.935369,4.181818181818198,002517 恺英网络,已有业务行业但未映射冻结主题 | CLX组内1只，shortlist 0只，冻结核心命中0只,业务分组已补齐；冻结主题缺映射或板块强度待补证,7|5|5|5|2|5|4|2|服装鞋类,PHASE-A-MARKET-STATE;CNINFO-INDUSTRY-FALLBACK;THS-ZYJS-FALLBACK;CLX-STOCK-RANKING
73,汽车制造,汽车制造,technical-reversal-only,not_located,low,,unknown,,unknown,unknown,neutral,unknown,2,,,4,0,0,26.886027000000002,6.127607207625524,002715 登云股份;300100 双林股份;601689 拓普集团;603009 北特科技,已有业务行业但未映射冻结主题 | CLX组内4只，shortlist 0只，冻结核心命中0只,业务分组已补齐；冻结主题缺映射或板块强度待补证,7|5|5|5|2|5|4|2|汽车制造,PHASE-A-MARKET-STATE;CNINFO-INDUSTRY-FALLBACK;THS-ZYJS-FALLBACK;CLX-STOCK-RANKING
74,重组概念,重组概念,technical-reversal-only,not_located,low,,unknown,,unknown,unknown,neutral,unknown,2,,,1,0,0,15.018314000000002,3.0876494023904355,600392 盛和资源,已有业务行业但未映射冻结主题 | CLX组内1只，shortlist 0只，冻结核心命中0只,业务分组已补齐；冻结主题缺映射或板块强度待补证,7|5|5|5|2|5|4|2|重组概念,PHASE-A-MARKET-STATE;CNINFO-INDUSTRY-FALLBACK;THS-ZYJS-FALLBACK;CLX-STOCK-RANKING
75,风电,风电,technical-reversal-only,not_located,low,,unknown,,unknown,unknown,neutral,unknown,2,,,3,0,0,14.811302999999999,3.793555089600057,300712 永福股份;600032 浙江新能;603667 五洲新春,已有业务行业但未映射冻结主题 | CLX组内3只，shortlist 0只，冻结核心命中0只,业务分组已补齐；冻结主题缺映射或板块强度待补证,7|5|5|5|2|5|4|2|风电,PHASE-A-MARKET-STATE;CNINFO-INDUSTRY-FALLBACK;THS-ZYJS-FALLBACK;CLX-STOCK-RANKING
76,CRO概念,CRO概念,technical-reversal-only,not_located,low,,unknown,,unknown,unknown,watch,unknown,2,,,1,0,0,1.9515,7.285595337218975,300683 海特生物,已有业务行业但未映射冻结主题 | CLX组内1只，shortlist 0只，冻结核心命中0只,业务分组已补齐；冻结主题缺映射或板块强度待补证,7|5|5|5|3|5|4|2|CRO概念,PHASE-A-MARKET-STATE;CNINFO-INDUSTRY-FALLBACK;THS-ZYJS-FALLBACK;CLX-STOCK-RANKING
77,CXO概念,CXO概念,technical-reversal-only,not_located,low,,unknown,,unknown,unknown,watch,unknown,2,,,1,0,0,1.366102,3.0783159800814808,688117 圣诺生物,已有业务行业但未映射冻结主题 | CLX组内1只，shortlist 0只，冻结核心命中0只,业务分组已补齐；冻结主题缺映射或板块强度待补证,7|5|5|5|3|5|4|2|CXO概念,PHASE-A-MARKET-STATE;CNINFO-INDUSTRY-FALLBACK;THS-ZYJS-FALLBACK;CLX-STOCK-RANKING
78,LED,LED,technical-reversal-only,not_located,low,,unknown,,unknown,unknown,watch,unknown,2,,,2,0,0,1.239755,3.5196003679879073,300650 太龙股份;300808 久量股份,已有业务行业但未映射冻结主题 | CLX组内2只，shortlist 0只，冻结核心命中0只,业务分组已补齐；冻结主题缺映射或板块强度待补证,7|5|5|5|3|5|4|2|LED,PHASE-A-MARKET-STATE;CNINFO-INDUSTRY-FALLBACK;THS-ZYJS-FALLBACK;CLX-STOCK-RANKING
79,中药,中药,technical-reversal-only,not_located,low,,unknown,,unknown,unknown,watch,unknown,2,,,1,0,0,0.523187,2.172839506172841,002864 盘龙药业,已有业务行业但未映射冻结主题 | CLX组内1只，shortlist 0只，冻结核心命中0只,业务分组已补齐；冻结主题缺映射或板块强度待补证,7|5|5|5|3|5|4|2|中药,PHASE-A-MARKET-STATE;CNINFO-INDUSTRY-FALLBACK;THS-ZYJS-FALLBACK;CLX-STOCK-RANKING
80,乡村振兴,乡村振兴,technical-reversal-only,not_located,low,,unknown,,unknown,unknown,watch,unknown,2,,,1,0,0,1.805601,4.0609137055837685,002779 中坚科技,已有业务行业但未映射冻结主题 | CLX组内1只，shortlist 0只，冻结核心命中0只,业务分组已补齐；冻结主题缺映射或板块强度待补证,7|5|5|5|3|5|4|2|乡村振兴,PHASE-A-MARKET-STATE;CNINFO-INDUSTRY-FALLBACK;THS-ZYJS-FALLBACK;CLX-STOCK-RANKING
81,乳品,乳品,technical-reversal-only,not_located,low,,unknown,,unknown,unknown,watch,unknown,2,,,2,0,0,4.975980000000001,2.882533381450736,002910 庄园牧场;605388 均瑶健康,已有业务行业但未映射冻结主题 | CLX组内2只，shortlist 0只，冻结核心命中0只,业务分组已补齐；冻结主题缺映射或板块强度待补证,7|5|5|5|3|5|4|2|乳品,PHASE-A-MARKET-STATE;CNINFO-INDUSTRY-FALLBACK;THS-ZYJS-FALLBACK;CLX-STOCK-RANKING
82,交通运输,交通运输,technical-reversal-only,not_located,low,,unknown,,unknown,unknown,watch,unknown,2,,,2,0,0,2.378788,0.9559214020180672,000089 深圳机场;600835 上海机电,已有业务行业但未映射冻结主题 | CLX组内2只，shortlist 0只，冻结核心命中0只,业务分组已补齐；冻结主题缺映射或板块强度待补证,7|5|5|5|3|5|4|2|交通运输,PHASE-A-MARKET-STATE;CNINFO-INDUSTRY-FALLBACK;THS-ZYJS-FALLBACK;CLX-STOCK-RANKING
83,体外诊断,体外诊断,technical-reversal-only,not_located,low,,unknown,,unknown,unknown,watch,unknown,2,,,3,0,0,0.7124429999999999,2.2996643552732157,688075 安旭生物;688298 东方生物;688656 浩欧博,已有业务行业但未映射冻结主题 | CLX组内3只，shortlist 0只，冻结核心命中0只,业务分组已补齐；冻结主题缺映射或板块强度待补证,7|5|5|5|3|5|4|2|体外诊断,PHASE-A-MARKET-STATE;CNINFO-INDUSTRY-FALLBACK;THS-ZYJS-FALLBACK;CLX-STOCK-RANKING
84,供水供气,供水供气,technical-reversal-only,not_located,low,,unknown,,unknown,unknown,watch,unknown,2,,,1,0,0,0.716869,1.8115942028985588,601199 江南水务,已有业务行业但未映射冻结主题 | CLX组内1只，shortlist 0只，冻结核心命中0只,业务分组已补齐；冻结主题缺映射或板块强度待补证,7|5|5|5|3|5|4|2|供水供气,PHASE-A-MARKET-STATE;CNINFO-INDUSTRY-FALLBACK;THS-ZYJS-FALLBACK;CLX-STOCK-RANKING
85,其他专用设备,其他专用设备,technical-reversal-only,not_located,low,,unknown,,unknown,unknown,watch,unknown,2,,,1,0,0,6.812997,9.372599231754176,688400 凌云光,已有业务行业但未映射冻结主题 | CLX组内1只，shortlist 0只，冻结核心命中0只,业务分组已补齐；冻结主题缺映射或板块强度待补证,7|5|5|5|3|5|4|2|其他专用设备,PHASE-A-MARKET-STATE;CNINFO-INDUSTRY-FALLBACK;THS-ZYJS-FALLBACK;CLX-STOCK-RANKING
86,其他化学原料,其他化学原料,technical-reversal-only,not_located,low,,unknown,,unknown,unknown,watch,unknown,2,,,1,0,0,2.676777,0.416418798334317,002805 丰元股份,已有业务行业但未映射冻结主题 | CLX组内1只，shortlist 0只，冻结核心命中0只,业务分组已补齐；冻结主题缺映射或板块强度待补证,7|5|5|5|3|5|4|2|其他化学原料,PHASE-A-MARKET-STATE;CNINFO-INDUSTRY-FALLBACK;THS-ZYJS-FALLBACK;CLX-STOCK-RANKING
87,其他医疗服务,其他医疗服务,technical-reversal-only,not_located,low,,unknown,,unknown,unknown,watch,unknown,2,,,1,0,0,0.5351229999999999,4.519309778142988,688315 诺禾致源,已有业务行业但未映射冻结主题 | CLX组内1只，shortlist 0只，冻结核心命中0只,业务分组已补齐；冻结主题缺映射或板块强度待补证,7|5|5|5|3|5|4|2|其他医疗服务,PHASE-A-MARKET-STATE;CNINFO-INDUSTRY-FALLBACK;THS-ZYJS-FALLBACK;CLX-STOCK-RANKING
88,其他塑料制品,其他塑料制品,technical-reversal-only,not_located,low,,unknown,,unknown,unknown,watch,unknown,2,,,1,0,0,1.48612,5.650060753341424,300539 横河精密,已有业务行业但未映射冻结主题 | CLX组内1只，shortlist 0只，冻结核心命中0只,业务分组已补齐；冻结主题缺映射或板块强度待补证,7|5|5|5|3|5|4|2|其他塑料制品,PHASE-A-MARKET-STATE;CNINFO-INDUSTRY-FALLBACK;THS-ZYJS-FALLBACK;CLX-STOCK-RANKING
89,其他家居用品,其他家居用品,technical-reversal-only,not_located,low,,unknown,,unknown,unknown,watch,unknown,2,,,2,0,0,0.904735,2.652833456365278,001216 华瓷股份;301193 家联科技,已有业务行业但未映射冻结主题 | CLX组内2只，shortlist 0只，冻结核心命中0只,业务分组已补齐；冻结主题缺映射或板块强度待补证,7|5|5|5|3|5|4|2|其他家居用品,PHASE-A-MARKET-STATE;CNINFO-INDUSTRY-FALLBACK;THS-ZYJS-FALLBACK;CLX-STOCK-RANKING
90,其他建材,其他建材,technical-reversal-only,not_located,low,,unknown,,unknown,unknown,watch,unknown,2,,,2,0,0,0.982185,4.00702135125467,301010 晶雪节能;603038 华立股份,已有业务行业但未映射冻结主题 | CLX组内2只，shortlist 0只，冻结核心命中0只,业务分组已补齐；冻结主题缺映射或板块强度待补证,7|5|5|5|3|5|4|2|其他建材,PHASE-A-MARKET-STATE;CNINFO-INDUSTRY-FALLBACK;THS-ZYJS-FALLBACK;CLX-STOCK-RANKING
91,其他橡胶制品,其他橡胶制品,technical-reversal-only,not_located,low,,unknown,,unknown,unknown,watch,unknown,2,,,1,0,0,0.556329,1.3586956521739024,603033 三维股份,已有业务行业但未映射冻结主题 | CLX组内1只，shortlist 0只，冻结核心命中0只,业务分组已补齐；冻结主题缺映射或板块强度待补证,7|5|5|5|3|5|4|2|其他橡胶制品,PHASE-A-MARKET-STATE;CNINFO-INDUSTRY-FALLBACK;THS-ZYJS-FALLBACK;CLX-STOCK-RANKING
92,其他汽车零部件,其他汽车零部件,technical-reversal-only,not_located,low,,unknown,,unknown,unknown,watch,unknown,2,,,1,0,0,1.551647,5.903083700440526,301000 肇民科技,已有业务行业但未映射冻结主题 | CLX组内1只，shortlist 0只，冻结核心命中0只,业务分组已补齐；冻结主题缺映射或板块强度待补证,7|5|5|5|3|5|4|2|其他汽车零部件,PHASE-A-MARKET-STATE;CNINFO-INDUSTRY-FALLBACK;THS-ZYJS-FALLBACK;CLX-STOCK-RANKING
93,其他生物制品,其他生物制品,technical-reversal-only,not_located,low,,unknown,,unknown,unknown,watch,unknown,2,,,1,0,0,0.350366,2.989352989352967,301166 优宁维,已有业务行业但未映射冻结主题 | CLX组内1只，shortlist 0只，冻结核心命中0只,业务分组已补齐；冻结主题缺映射或板块强度待补证,7|5|5|5|3|5|4|2|其他生物制品,PHASE-A-MARKET-STATE;CNINFO-INDUSTRY-FALLBACK;THS-ZYJS-FALLBACK;CLX-STOCK-RANKING
94,其他石化,其他石化,technical-reversal-only,not_located,low,,unknown,,unknown,unknown,watch,unknown,2,,,1,0,0,0.356599,2.7318475916606744,002778 中晟高科,已有业务行业但未映射冻结主题 | CLX组内1只，shortlist 0只，冻结核心命中0只,业务分组已补齐；冻结主题缺映射或板块强度待补证,7|5|5|5|3|5|4|2|其他石化,PHASE-A-MARKET-STATE;CNINFO-INDUSTRY-FALLBACK;THS-ZYJS-FALLBACK;CLX-STOCK-RANKING
95,其他纺织,其他纺织,technical-reversal-only,not_located,low,,unknown,,unknown,unknown,watch,unknown,2,,,1,0,0,0.434066,5.147717099373317,300877 金春股份,已有业务行业但未映射冻结主题 | CLX组内1只，shortlist 0只，冻结核心命中0只,业务分组已补齐；冻结主题缺映射或板块强度待补证,7|5|5|5|3|5|4|2|其他纺织,PHASE-A-MARKET-STATE;CNINFO-INDUSTRY-FALLBACK;THS-ZYJS-FALLBACK;CLX-STOCK-RANKING
96,其他通信设备,其他通信设备,technical-reversal-only,not_located,low,,unknown,,unknown,unknown,watch,unknown,2,,,1,0,0,0.381538,4.178733967728587,688283 坤恒顺维,已有业务行业但未映射冻结主题 | CLX组内1只，shortlist 0只，冻结核心命中0只,业务分组已补齐；冻结主题缺映射或板块强度待补证,7|5|5|5|3|5|4|2|其他通信设备,PHASE-A-MARKET-STATE;CNINFO-INDUSTRY-FALLBACK;THS-ZYJS-FALLBACK;CLX-STOCK-RANKING
97,其他酒类,其他酒类,technical-reversal-only,not_located,low,,unknown,,unknown,unknown,watch,unknown,2,,,1,0,0,2.9879,10.06006006006006,603779 威龙股份,已有业务行业但未映射冻结主题 | CLX组内1只，shortlist 0只，冻结核心命中0只,业务分组已补齐；冻结主题缺映射或板块强度待补证,7|5|5|5|3|5|4|2|其他酒类,PHASE-A-MARKET-STATE;CNINFO-INDUSTRY-FALLBACK;THS-ZYJS-FALLBACK;CLX-STOCK-RANKING
98,军工电子,军工电子,technical-reversal-only,not_located,low,,unknown,,unknown,unknown,watch,unknown,2,,,4,0,0,7.40473,7.460374020179133,301302 华如科技;688636 智明达;688682 霍莱沃;688788 科思科技,已有业务行业但未映射冻结主题 | CLX组内4只，shortlist 0只，冻结核心命中0只,业务分组已补齐；冻结主题缺映射或板块强度待补证,7|5|5|5|3|5|4|2|军工电子,PHASE-A-MARKET-STATE;CNINFO-INDUSTRY-FALLBACK;THS-ZYJS-FALLBACK;CLX-STOCK-RANKING
99,农药,农药,technical-reversal-only,not_located,low,,unknown,,unknown,unknown,watch,unknown,2,,,2,0,0,1.030071,1.3766557673235758,003042 中农联合;301665 泰禾股份,已有业务行业但未映射冻结主题 | CLX组内2只，shortlist 0只，冻结核心命中0只,业务分组已补齐；冻结主题缺映射或板块强度待补证,7|5|5|5|3|5|4|2|农药,PHASE-A-MARKET-STATE;CNINFO-INDUSTRY-FALLBACK;THS-ZYJS-FALLBACK;CLX-STOCK-RANKING
100,化学制剂,化学制剂,technical-reversal-only,not_located,low,,unknown,,unknown,unknown,watch,unknown,2,,,5,0,0,7.655607999999999,3.0707865284290836,002940 昂利康;300723 一品红;301130 西点药业;603367 辰欣药业;688247 宣泰医药,已有业务行业但未映射冻结主题 | CLX组内5只，shortlist 0只，冻结核心命中0只,业务分组已补齐；冻结主题缺映射或板块强度待补证,7|5|5|5|3|5|4|2|化学制剂,PHASE-A-MARKET-STATE;CNINFO-INDUSTRY-FALLBACK;THS-ZYJS-FALLBACK;CLX-STOCK-RANKING
101,医疗器械/医药服务,医疗器械/医药服务,technical-reversal-only,not_located,low,,unknown,,unknown,unknown,watch,unknown,2,,,7,0,0,2.940499,2.098007721000582,001367 海森药业;301507 民生健康;301509 金凯生科;301515 港通医疗;603207 小方制药,已有业务行业但未映射冻结主题 | CLX组内7只，shortlist 0只，冻结核心命中0只,业务分组已补齐；冻结主题缺映射或板块强度待补证,7|5|5|5|3|5|4|2|医疗器械/医药服务,PHASE-A-MARKET-STATE;CNINFO-INDUSTRY-FALLBACK;THS-ZYJS-FALLBACK;CLX-STOCK-RANKING
102,医疗研发外包,医疗研发外包,technical-reversal-only,not_located,low,,unknown,,unknown,unknown,watch,unknown,2,,,2,0,0,0.9077310000000001,2.975927893081854,688238 和元生物;688265 南模生物,已有业务行业但未映射冻结主题 | CLX组内2只，shortlist 0只，冻结核心命中0只,业务分组已补齐；冻结主题缺映射或板块强度待补证,7|5|5|5|3|5|4|2|医疗研发外包,PHASE-A-MARKET-STATE;CNINFO-INDUSTRY-FALLBACK;THS-ZYJS-FALLBACK;CLX-STOCK-RANKING
103,医疗耗材,医疗耗材,technical-reversal-only,not_located,low,,unknown,,unknown,unknown,watch,unknown,2,,,5,0,0,2.471362,2.127583084327491,300653 正海生物;688108 赛诺医疗;688236 春立医疗;688314 康拓医疗;688366 昊海生科,已有业务行业但未映射冻结主题 | CLX组内5只，shortlist 0只，冻结核心命中0只,业务分组已补齐；冻结主题缺映射或板块强度待补证,7|5|5|5|3|5|4|2|医疗耗材,PHASE-A-MARKET-STATE;CNINFO-INDUSTRY-FALLBACK;THS-ZYJS-FALLBACK;CLX-STOCK-RANKING
104,华为汽车,华为汽车,technical-reversal-only,not_located,low,,unknown,,unknown,unknown,watch,unknown,2,,,5,0,0,6.2963320000000005,4.958480042638231,002786 银宝山新;002976 瑞玛精密;002997 瑞鹄模具;300648 星云股份;300680 隆盛科技,已有业务行业但未映射冻结主题 | CLX组内5只，shortlist 0只，冻结核心命中0只,业务分组已补齐；冻结主题缺映射或板块强度待补证,7|5|5|5|3|5|4|2|华为汽车,PHASE-A-MARKET-STATE;CNINFO-INDUSTRY-FALLBACK;THS-ZYJS-FALLBACK;CLX-STOCK-RANKING
105,印染,印染,technical-reversal-only,not_located,low,,unknown,,unknown,unknown,watch,unknown,2,,,1,0,0,0.344214,2.9925187032419087,605055 迎丰股份,已有业务行业但未映射冻结主题 | CLX组内1只，shortlist 0只，冻结核心命中0只,业务分组已补齐；冻结主题缺映射或板块强度待补证,7|5|5|5|3|5|4|2|印染,PHASE-A-MARKET-STATE;CNINFO-INDUSTRY-FALLBACK;THS-ZYJS-FALLBACK;CLX-STOCK-RANKING
106,原料药,原料药,technical-reversal-only,not_located,low,,unknown,,unknown,unknown,watch,unknown,2,,,2,0,0,1.4414120000000001,1.797016919329747,300702 天宇股份;301211 亨迪药业,已有业务行业但未映射冻结主题 | CLX组内2只，shortlist 0只，冻结核心命中0只,业务分组已补齐；冻结主题缺映射或板块强度待补证,7|5|5|5|3|5|4|2|原料药,PHASE-A-MARKET-STATE;CNINFO-INDUSTRY-FALLBACK;THS-ZYJS-FALLBACK;CLX-STOCK-RANKING
107,园林工程,园林工程,technical-reversal-only,not_located,low,,unknown,,unknown,unknown,watch,unknown,2,,,1,0,0,0.666534,3.5315985130111693,603717 天域生物,已有业务行业但未映射冻结主题 | CLX组内1只，shortlist 0只，冻结核心命中0只,业务分组已补齐；冻结主题缺映射或板块强度待补证,7|5|5|5|3|5|4|2|园林工程,PHASE-A-MARKET-STATE;CNINFO-INDUSTRY-FALLBACK;THS-ZYJS-FALLBACK;CLX-STOCK-RANKING
108,固废治理,固废治理,technical-reversal-only,not_located,low,,unknown,,unknown,unknown,watch,unknown,2,,,2,0,0,1.0183389999999999,2.851433451262653,002973 侨银股份;301068 大地海洋,已有业务行业但未映射冻结主题 | CLX组内2只，shortlist 0只，冻结核心命中0只,业务分组已补齐；冻结主题缺映射或板块强度待补证,7|5|5|5|3|5|4|2|固废治理,PHASE-A-MARKET-STATE;CNINFO-INDUSTRY-FALLBACK;THS-ZYJS-FALLBACK;CLX-STOCK-RANKING
109,国防军工,国防军工,technical-reversal-only,not_located,low,,unknown,,unknown,unknown,watch,unknown,2,,,3,0,0,8.232247000000001,3.7323136111825215,002771 真视通;300722 新余国科;603516 淳中科技,已有业务行业但未映射冻结主题 | CLX组内3只，shortlist 0只，冻结核心命中0只,业务分组已补齐；冻结主题缺映射或板块强度待补证,7|5|5|5|3|5|4|2|国防军工,PHASE-A-MARKET-STATE;CNINFO-INDUSTRY-FALLBACK;THS-ZYJS-FALLBACK;CLX-STOCK-RANKING
110,娱乐用品,娱乐用品,technical-reversal-only,not_located,low,,unknown,,unknown,unknown,watch,unknown,2,,,1,0,0,1.035027,4.960727573377421,300756 金马游乐,已有业务行业但未映射冻结主题 | CLX组内1只，shortlist 0只，冻结核心命中0只,业务分组已补齐；冻结主题缺映射或板块强度待补证,7|5|5|5|3|5|4|2|娱乐用品,PHASE-A-MARKET-STATE;CNINFO-INDUSTRY-FALLBACK;THS-ZYJS-FALLBACK;CLX-STOCK-RANKING
111,安防设备,安防设备,technical-reversal-only,not_located,low,,unknown,,unknown,unknown,watch,unknown,2,,,1,0,0,2.732041,4.5562599049128405,301042 安联锐视,已有业务行业但未映射冻结主题 | CLX组内1只，shortlist 0只，冻结核心命中0只,业务分组已补齐；冻结主题缺映射或板块强度待补证,7|5|5|5|3|5|4|2|安防设备,PHASE-A-MARKET-STATE;CNINFO-INDUSTRY-FALLBACK;THS-ZYJS-FALLBACK;CLX-STOCK-RANKING
112,家具,家具,technical-reversal-only,not_located,low,,unknown,,unknown,unknown,watch,unknown,2,,,1,0,0,0.496758,5.901639344262288,301336 趣睡科技,已有业务行业但未映射冻结主题 | CLX组内1只，shortlist 0只，冻结核心命中0只,业务分组已补齐；冻结主题缺映射或板块强度待补证,7|5|5|5|3|5|4|2|家具,PHASE-A-MARKET-STATE;CNINFO-INDUSTRY-FALLBACK;THS-ZYJS-FALLBACK;CLX-STOCK-RANKING
113,家电行业,家电行业,technical-reversal-only,not_located,low,,unknown,,unknown,unknown,watch,unknown,2,,,2,0,0,7.839226,5.947814372318916,002403 爱仕达;600839 四川长虹,已有业务行业但未映射冻结主题 | CLX组内2只，shortlist 0只，冻结核心命中0只,业务分组已补齐；冻结主题缺映射或板块强度待补证,7|5|5|5|3|5|4|2|家电行业,PHASE-A-MARKET-STATE;CNINFO-INDUSTRY-FALLBACK;THS-ZYJS-FALLBACK;CLX-STOCK-RANKING
114,家电零部件,家电零部件,technical-reversal-only,not_located,low,,unknown,,unknown,unknown,watch,unknown,2,,,1,0,0,0.288917,2.7375201288244666,603677 奇精机械,已有业务行业但未映射冻结主题 | CLX组内1只，shortlist 0只，冻结核心命中0只,业务分组已补齐；冻结主题缺映射或板块强度待补证,7|5|5|5|3|5|4|2|家电零部件,PHASE-A-MARKET-STATE;CNINFO-INDUSTRY-FALLBACK;THS-ZYJS-FALLBACK;CLX-STOCK-RANKING
115,底盘与发动机系统,底盘与发动机系统,technical-reversal-only,not_located,low,,unknown,,unknown,unknown,watch,unknown,2,,,2,0,0,2.639753,6.3620714102909925,603040 新坐标;603286 日盈电子,已有业务行业但未映射冻结主题 | CLX组内2只，shortlist 0只，冻结核心命中0只,业务分组已补齐；冻结主题缺映射或板块强度待补证,7|5|5|5|3|5|4|2|底盘与发动机系统,PHASE-A-MARKET-STATE;CNINFO-INDUSTRY-FALLBACK;THS-ZYJS-FALLBACK;CLX-STOCK-RANKING
116,建筑建材,建筑建材,technical-reversal-only,not_located,low,,unknown,,unknown,unknown,watch,unknown,2,,,4,0,0,6.322738999999999,1.141089324323358,002628 成都路桥;002663 普邦股份;601186 中国铁建;603969 银龙股份,已有业务行业但未映射冻结主题 | CLX组内4只，shortlist 0只，冻结核心命中0只,业务分组已补齐；冻结主题缺映射或板块强度待补证,7|5|5|5|3|5|4|2|建筑建材,PHASE-A-MARKET-STATE;CNINFO-INDUSTRY-FALLBACK;THS-ZYJS-FALLBACK;CLX-STOCK-RANKING
117,开发区,开发区,technical-reversal-only,not_located,low,,unknown,,unknown,unknown,watch,unknown,2,,,1,0,0,4.467682,5.738177623990781,000628 高新发展,已有业务行业但未映射冻结主题 | CLX组内1只，shortlist 0只，冻结核心命中0只,业务分组已补齐；冻结主题缺映射或板块强度待补证,7|5|5|5|3|5|4|2|开发区,PHASE-A-MARKET-STATE;CNINFO-INDUSTRY-FALLBACK;THS-ZYJS-FALLBACK;CLX-STOCK-RANKING
118,快递,快递,technical-reversal-only,not_located,low,,unknown,,unknown,unknown,watch,unknown,2,,,1,0,0,0.355276,1.2643678160919605,603066 音飞储存,已有业务行业但未映射冻结主题 | CLX组内1只，shortlist 0只，冻结核心命中0只,业务分组已补齐；冻结主题缺映射或板块强度待补证,7|5|5|5|3|5|4|2|快递,PHASE-A-MARKET-STATE;CNINFO-INDUSTRY-FALLBACK;THS-ZYJS-FALLBACK;CLX-STOCK-RANKING
119,房地产,房地产,technical-reversal-only,not_located,low,,unknown,,unknown,unknown,watch,unknown,2,,,3,0,0,4.6757919999999995,0.7536792111260237,000631 顺发恒能;600208 衢州发展;600621 XD华鑫股,已有业务行业但未映射冻结主题 | CLX组内3只，shortlist 0只，冻结核心命中0只,业务分组已补齐；冻结主题缺映射或板块强度待补证,7|5|5|5|3|5|4|2|房地产,PHASE-A-MARKET-STATE;CNINFO-INDUSTRY-FALLBACK;THS-ZYJS-FALLBACK;CLX-STOCK-RANKING
120,摩托车,摩托车,technical-reversal-only,not_located,low,,unknown,,unknown,unknown,watch,unknown,2,,,1,0,0,0.358666,2.8307022318998287,603776 永安行,已有业务行业但未映射冻结主题 | CLX组内1只，shortlist 0只，冻结核心命中0只,业务分组已补齐；冻结主题缺映射或板块强度待补证,7|5|5|5|3|5|4|2|摩托车,PHASE-A-MARKET-STATE;CNINFO-INDUSTRY-FALLBACK;THS-ZYJS-FALLBACK;CLX-STOCK-RANKING
121,无机盐,无机盐,technical-reversal-only,not_located,low,,unknown,,unknown,unknown,watch,unknown,2,,,1,0,0,0.363088,2.026693030153237,003017 大洋生物,已有业务行业但未映射冻结主题 | CLX组内1只，shortlist 0只，冻结核心命中0只,业务分组已补齐；冻结主题缺映射或板块强度待补证,7|5|5|5|3|5|4|2|无机盐,PHASE-A-MARKET-STATE;CNINFO-INDUSTRY-FALLBACK;THS-ZYJS-FALLBACK;CLX-STOCK-RANKING
122,机床工具,机床工具,technical-reversal-only,not_located,low,,unknown,,unknown,unknown,watch,unknown,2,,,1,0,0,2.02597,4.174311926605512,300809 华辰装备,已有业务行业但未映射冻结主题 | CLX组内1只，shortlist 0只，冻结核心命中0只,业务分组已补齐；冻结主题缺映射或板块强度待补证,7|5|5|5|3|5|4|2|机床工具,PHASE-A-MARKET-STATE;CNINFO-INDUSTRY-FALLBACK;THS-ZYJS-FALLBACK;CLX-STOCK-RANKING
123,模拟芯片设计,模拟芯片设计,technical-reversal-only,not_located,low,,unknown,,unknown,unknown,watch,unknown,2,,,1,0,0,2.827049,5.207280080889776,688209 英集芯,已有业务行业但未映射冻结主题 | CLX组内1只，shortlist 0只，冻结核心命中0只,业务分组已补齐；冻结主题缺映射或板块强度待补证,7|5|5|5|3|5|4|2|模拟芯片设计,PHASE-A-MARKET-STATE;CNINFO-INDUSTRY-FALLBACK;THS-ZYJS-FALLBACK;CLX-STOCK-RANKING
124,水泥行业,水泥行业,technical-reversal-only,not_located,low,,unknown,,unknown,unknown,watch,unknown,2,,,1,0,0,1.139648,10.019267822736031,002346 柘中股份,已有业务行业但未映射冻结主题 | CLX组内1只，shortlist 0只，冻结核心命中0只,业务分组已补齐；冻结主题缺映射或板块强度待补证,7|5|5|5|3|5|4|2|水泥行业,PHASE-A-MARKET-STATE;CNINFO-INDUSTRY-FALLBACK;THS-ZYJS-FALLBACK;CLX-STOCK-RANKING
125,汽车电子电气系统,汽车电子电气系统,technical-reversal-only,not_located,low,,unknown,,unknown,unknown,watch,unknown,2,,,1,0,0,7.319757000000001,7.49094959621277,603179 新泉股份,已有业务行业但未映射冻结主题 | CLX组内1只，shortlist 0只，冻结核心命中0只,业务分组已补齐；冻结主题缺映射或板块强度待补证,7|5|5|5|3|5|4|2|汽车电子电气系统,PHASE-A-MARKET-STATE;CNINFO-INDUSTRY-FALLBACK;THS-ZYJS-FALLBACK;CLX-STOCK-RANKING
126,洗护用品,洗护用品,technical-reversal-only,not_located,low,,unknown,,unknown,unknown,watch,unknown,2,,,1,0,0,0.812694,5.847568988173446,002919 名臣健康,已有业务行业但未映射冻结主题 | CLX组内1只，shortlist 0只，冻结核心命中0只,业务分组已补齐；冻结主题缺映射或板块强度待补证,7|5|5|5|3|5|4|2|洗护用品,PHASE-A-MARKET-STATE;CNINFO-INDUSTRY-FALLBACK;THS-ZYJS-FALLBACK;CLX-STOCK-RANKING
127,涂料油漆油墨制造,涂料油漆油墨制造,technical-reversal-only,not_located,low,,unknown,,unknown,unknown,watch,unknown,2,,,1,0,0,0.638368,2.8785982478097605,300665 飞鹿股份,已有业务行业但未映射冻结主题 | CLX组内1只，shortlist 0只，冻结核心命中0只,业务分组已补齐；冻结主题缺映射或板块强度待补证,7|5|5|5|3|5|4|2|涂料油漆油墨制造,PHASE-A-MARKET-STATE;CNINFO-INDUSTRY-FALLBACK;THS-ZYJS-FALLBACK;CLX-STOCK-RANKING
128,物资外贸,物资外贸,technical-reversal-only,not_located,low,,unknown,,unknown,unknown,watch,unknown,2,,,1,0,0,0.511159,2.9601029601029616,600826 兰生股份,已有业务行业但未映射冻结主题 | CLX组内1只，shortlist 0只，冻结核心命中0只,业务分组已补齐；冻结主题缺映射或板块强度待补证,7|5|5|5|3|5|4|2|物资外贸,PHASE-A-MARKET-STATE;CNINFO-INDUSTRY-FALLBACK;THS-ZYJS-FALLBACK;CLX-STOCK-RANKING
129,环保行业,环保行业,technical-reversal-only,not_located,low,,unknown,,unknown,unknown,watch,unknown,2,,,1,0,0,1.141214,1.9522776572667988,300332 天壕能源,已有业务行业但未映射冻结主题 | CLX组内1只，shortlist 0只，冻结核心命中0只,业务分组已补齐；冻结主题缺映射或板块强度待补证,7|5|5|5|3|5|4|2|环保行业,PHASE-A-MARKET-STATE;CNINFO-INDUSTRY-FALLBACK;THS-ZYJS-FALLBACK;CLX-STOCK-RANKING
130,电力行业,电力行业,technical-reversal-only,not_located,low,,unknown,,unknown,unknown,watch,unknown,2,,,3,0,0,8.809282,1.2692035633212233,000037 深南电A;000993 闽东电力;600021 上海电力,已有业务行业但未映射冻结主题 | CLX组内3只，shortlist 0只，冻结核心命中0只,业务分组已补齐；冻结主题缺映射或板块强度待补证,7|5|5|5|3|5|4|2|电力行业,PHASE-A-MARKET-STATE;CNINFO-INDUSTRY-FALLBACK;THS-ZYJS-FALLBACK;CLX-STOCK-RANKING
131,电机,电机,technical-reversal-only,not_located,low,,unknown,,unknown,unknown,watch,unknown,2,,,2,0,0,5.629615,7.514233390320145,301023 奕帆传动;603728 鸣志电器,已有业务行业但未映射冻结主题 | CLX组内2只，shortlist 0只，冻结核心命中0只,业务分组已补齐；冻结主题缺映射或板块强度待补证,7|5|5|5|3|5|4|2|电机,PHASE-A-MARKET-STATE;CNINFO-INDUSTRY-FALLBACK;THS-ZYJS-FALLBACK;CLX-STOCK-RANKING
132,畜禽饲料,畜禽饲料,technical-reversal-only,not_located,low,,unknown,,unknown,unknown,watch,unknown,2,,,1,0,0,0.5767479999999999,1.4440433212996373,603363 傲农生物,已有业务行业但未映射冻结主题 | CLX组内1只，shortlist 0只，冻结核心命中0只,业务分组已补齐；冻结主题缺映射或板块强度待补证,7|5|5|5|3|5|4|2|畜禽饲料,PHASE-A-MARKET-STATE;CNINFO-INDUSTRY-FALLBACK;THS-ZYJS-FALLBACK;CLX-STOCK-RANKING
133,疫苗,疫苗,technical-reversal-only,not_located,low,,unknown,,unknown,unknown,watch,unknown,2,,,1,0,0,0.979359,2.504432624113484,300841 康华生物,已有业务行业但未映射冻结主题 | CLX组内1只，shortlist 0只，冻结核心命中0只,业务分组已补齐；冻结主题缺映射或板块强度待补证,7|5|5|5|3|5|4|2|疫苗,PHASE-A-MARKET-STATE;CNINFO-INDUSTRY-FALLBACK;THS-ZYJS-FALLBACK;CLX-STOCK-RANKING
134,白银,白银,technical-reversal-only,not_located,low,,unknown,,unknown,unknown,watch,unknown,2,,,1,0,0,7.524253999999999,3.7422037422037535,601212 白银有色,已有业务行业但未映射冻结主题 | CLX组内1只，shortlist 0只，冻结核心命中0只,业务分组已补齐；冻结主题缺映射或板块强度待补证,7|5|5|5|3|5|4|2|白银,PHASE-A-MARKET-STATE;CNINFO-INDUSTRY-FALLBACK;THS-ZYJS-FALLBACK;CLX-STOCK-RANKING
135,石油行业,石油行业,technical-reversal-only,not_located,low,,unknown,,unknown,unknown,watch,unknown,2,,,4,0,0,3.112651,1.2810154878935776,000096 广聚能源;002554 惠博普;002629 仁智股份;600688 上海石化,已有业务行业但未映射冻结主题 | CLX组内4只，shortlist 0只，冻结核心命中0只,业务分组已补齐；冻结主题缺映射或板块强度待补证,7|5|5|5|3|5|4|2|石油行业,PHASE-A-MARKET-STATE;CNINFO-INDUSTRY-FALLBACK;THS-ZYJS-FALLBACK;CLX-STOCK-RANKING
136,碳中和,碳中和,technical-reversal-only,not_located,low,,unknown,,unknown,unknown,watch,unknown,2,,,3,0,0,9.292353,8.786979236190007,603316 诚邦股份;603637 镇海股份;603778 国晟科技,已有业务行业但未映射冻结主题 | CLX组内3只，shortlist 0只，冻结核心命中0只,业务分组已补齐；冻结主题缺映射或板块强度待补证,7|5|5|5|3|5|4|2|碳中和,PHASE-A-MARKET-STATE;CNINFO-INDUSTRY-FALLBACK;THS-ZYJS-FALLBACK;CLX-STOCK-RANKING
137,科创50,科创50,technical-reversal-only,not_located,low,,unknown,,unknown,unknown,watch,unknown,2,,,4,0,0,8.28415,3.5122632087788515,688029 南微医学;688088 虹软科技;688098 申联生物;688138 清溢光电,已有业务行业但未映射冻结主题 | CLX组内4只，shortlist 0只，冻结核心命中0只,业务分组已补齐；冻结主题缺映射或板块强度待补证,7|5|5|5|3|5|4|2|科创50,PHASE-A-MARKET-STATE;CNINFO-INDUSTRY-FALLBACK;THS-ZYJS-FALLBACK;CLX-STOCK-RANKING
138,精密机加工件,精密机加工件,technical-reversal-only,not_located,low,,unknown,,unknown,unknown,watch,unknown,2,,,1,0,0,1.709069,8.135245901639365,301261 恒工精密,已有业务行业但未映射冻结主题 | CLX组内1只，shortlist 0只，冻结核心命中0只,业务分组已补齐；冻结主题缺映射或板块强度待补证,7|5|5|5|3|5|4|2|精密机加工件,PHASE-A-MARKET-STATE;CNINFO-INDUSTRY-FALLBACK;THS-ZYJS-FALLBACK;CLX-STOCK-RANKING
139,纺织化学制品,纺织化学制品,technical-reversal-only,not_located,low,,unknown,,unknown,unknown,watch,unknown,2,,,1,0,0,1.390344,-1.4639639639639768,301190 善水科技,已有业务行业但未映射冻结主题 | CLX组内1只，shortlist 0只，冻结核心命中0只,业务分组已补齐；冻结主题缺映射或板块强度待补证,7|5|5|5|3|5|4|2|纺织化学制品,PHASE-A-MARKET-STATE;CNINFO-INDUSTRY-FALLBACK;THS-ZYJS-FALLBACK;CLX-STOCK-RANKING
140,综合包装,综合包装,technical-reversal-only,not_located,low,,unknown,,unknown,unknown,watch,unknown,2,,,1,0,0,0.941376,7.897664071190191,300501 海顺新材,已有业务行业但未映射冻结主题 | CLX组内1只，shortlist 0只，冻结核心命中0只,业务分组已补齐；冻结主题缺映射或板块强度待补证,7|5|5|5|3|5|4|2|综合包装,PHASE-A-MARKET-STATE;CNINFO-INDUSTRY-FALLBACK;THS-ZYJS-FALLBACK;CLX-STOCK-RANKING
141,综合环境治理,综合环境治理,technical-reversal-only,not_located,low,,unknown,,unknown,unknown,watch,unknown,2,,,1,0,0,2.124403,4.831833254381812,301259 艾布鲁,已有业务行业但未映射冻结主题 | CLX组内1只，shortlist 0只，冻结核心命中0只,业务分组已补齐；冻结主题缺映射或板块强度待补证,7|5|5|5|3|5|4|2|综合环境治理,PHASE-A-MARKET-STATE;CNINFO-INDUSTRY-FALLBACK;THS-ZYJS-FALLBACK;CLX-STOCK-RANKING
142,综合行业,综合行业,technical-reversal-only,not_located,low,,unknown,,unknown,unknown,watch,unknown,2,,,1,0,0,0.63992,3.669724770642202,600576 祥源文旅,已有业务行业但未映射冻结主题 | CLX组内1只，shortlist 0只，冻结核心命中0只,业务分组已补齐；冻结主题缺映射或板块强度待补证,7|5|5|5|3|5|4|2|综合行业,PHASE-A-MARKET-STATE;CNINFO-INDUSTRY-FALLBACK;THS-ZYJS-FALLBACK;CLX-STOCK-RANKING
143,胶印版材,胶印版材,technical-reversal-only,not_located,low,,unknown,,unknown,unknown,watch,unknown,2,,,1,0,0,0.366422,-1.0917913465426587,001279 强邦新材,已有业务行业但未映射冻结主题 | CLX组内1只，shortlist 0只，冻结核心命中0只,业务分组已补齐；冻结主题缺映射或板块强度待补证,7|5|5|5|3|5|4|2|胶印版材,PHASE-A-MARKET-STATE;CNINFO-INDUSTRY-FALLBACK;THS-ZYJS-FALLBACK;CLX-STOCK-RANKING
144,膜材料,膜材料,technical-reversal-only,not_located,low,,unknown,,unknown,unknown,watch,unknown,2,,,1,0,0,1.372501,5.3749999999999964,688386 泛亚微透,已有业务行业但未映射冻结主题 | CLX组内1只，shortlist 0只，冻结核心命中0只,业务分组已补齐；冻结主题缺映射或板块强度待补证,7|5|5|5|3|5|4|2|膜材料,PHASE-A-MARKET-STATE;CNINFO-INDUSTRY-FALLBACK;THS-ZYJS-FALLBACK;CLX-STOCK-RANKING
145,自然景区,自然景区,technical-reversal-only,not_located,low,,unknown,,unknown,unknown,watch,unknown,2,,,1,0,0,0.972296,2.886928628708896,300859 西域旅游,已有业务行业但未映射冻结主题 | CLX组内1只，shortlist 0只，冻结核心命中0只,业务分组已补齐；冻结主题缺映射或板块强度待补证,7|5|5|5|3|5|4|2|自然景区,PHASE-A-MARKET-STATE;CNINFO-INDUSTRY-FALLBACK;THS-ZYJS-FALLBACK;CLX-STOCK-RANKING
146,航空装备,航空装备,technical-reversal-only,not_located,low,,unknown,,unknown,unknown,watch,unknown,2,,,1,0,0,4.5533980000000005,2.1553884711779325,688297 中无人机,已有业务行业但未映射冻结主题 | CLX组内1只，shortlist 0只，冻结核心命中0只,业务分组已补齐；冻结主题缺映射或板块强度待补证,7|5|5|5|3|5|4|2|航空装备,PHASE-A-MARKET-STATE;CNINFO-INDUSTRY-FALLBACK;THS-ZYJS-FALLBACK;CLX-STOCK-RANKING
147,航空运输,航空运输,technical-reversal-only,not_located,low,,unknown,,unknown,unknown,watch,unknown,2,,,1,0,0,2.155643,2.627511591962905,002928 华夏航空,已有业务行业但未映射冻结主题 | CLX组内1只，shortlist 0只，冻结核心命中0只,业务分组已补齐；冻结主题缺映射或板块强度待补证,7|5|5|5|3|5|4|2|航空运输,PHASE-A-MARKET-STATE;CNINFO-INDUSTRY-FALLBACK;THS-ZYJS-FALLBACK;CLX-STOCK-RANKING
148,航运,航运,technical-reversal-only,not_located,low,,unknown,,unknown,unknown,watch,unknown,2,,,1,0,0,0.404741,0.8252063015753874,603209 兴通股份,已有业务行业但未映射冻结主题 | CLX组内1只，shortlist 0只，冻结核心命中0只,业务分组已补齐；冻结主题缺映射或板块强度待补证,7|5|5|5|3|5|4|2|航运,PHASE-A-MARKET-STATE;CNINFO-INDUSTRY-FALLBACK;THS-ZYJS-FALLBACK;CLX-STOCK-RANKING
149,营销代理,营销代理,technical-reversal-only,not_located,low,,unknown,,unknown,unknown,watch,unknown,2,,,1,0,0,1.057953,9.98727735368956,605168 三人行,已有业务行业但未映射冻结主题 | CLX组内1只，shortlist 0只，冻结核心命中0只,业务分组已补齐；冻结主题缺映射或板块强度待补证,7|5|5|5|3|5|4|2|营销代理,PHASE-A-MARKET-STATE;CNINFO-INDUSTRY-FALLBACK;THS-ZYJS-FALLBACK;CLX-STOCK-RANKING
150,跨境物流,跨境物流,technical-reversal-only,not_located,low,,unknown,,unknown,unknown,watch,unknown,2,,,1,0,0,0.440535,-0.9269988412514474,603836 海程邦达,已有业务行业但未映射冻结主题 | CLX组内1只，shortlist 0只，冻结核心命中0只,业务分组已补齐；冻结主题缺映射或板块强度待补证,7|5|5|5|3|5|4|2|跨境物流,PHASE-A-MARKET-STATE;CNINFO-INDUSTRY-FALLBACK;THS-ZYJS-FALLBACK;CLX-STOCK-RANKING
151,车身附件及饰件,车身附件及饰件,technical-reversal-only,not_located,low,,unknown,,unknown,unknown,watch,unknown,2,,,1,0,0,0.551689,2.519167579408532,603085 天成自控,已有业务行业但未映射冻结主题 | CLX组内1只，shortlist 0只，冻结核心命中0只,业务分组已补齐；冻结主题缺映射或板块强度待补证,7|5|5|5|3|5|4|2|车身附件及饰件,PHASE-A-MARKET-STATE;CNINFO-INDUSTRY-FALLBACK;THS-ZYJS-FALLBACK;CLX-STOCK-RANKING
152,通信终端及配件,通信终端及配件,technical-reversal-only,not_located,low,,unknown,,unknown,unknown,watch,unknown,2,,,1,0,0,8.4841,7.700312174817903,300638 广和通,已有业务行业但未映射冻结主题 | CLX组内1只，shortlist 0只，冻结核心命中0只,业务分组已补齐；冻结主题缺映射或板块强度待补证,7|5|5|5|3|5|4|2|通信终端及配件,PHASE-A-MARKET-STATE;CNINFO-INDUSTRY-FALLBACK;THS-ZYJS-FALLBACK;CLX-STOCK-RANKING
153,酒店旅游,酒店旅游,technical-reversal-only,not_located,low,,unknown,,unknown,unknown,watch,unknown,2,,,1,0,0,1.03348,1.6176470588235237,600749 西藏旅游,已有业务行业但未映射冻结主题 | CLX组内1只，shortlist 0只，冻结核心命中0只,业务分组已补齐；冻结主题缺映射或板块强度待补证,7|5|5|5|3|5|4|2|酒店旅游,PHASE-A-MARKET-STATE;CNINFO-INDUSTRY-FALLBACK;THS-ZYJS-FALLBACK;CLX-STOCK-RANKING
154,金属制品,金属制品,technical-reversal-only,not_located,low,,unknown,,unknown,unknown,watch,unknown,2,,,3,0,0,7.860247,6.794644822518362,300885 海昌新材;002896 中大力德;300488 恒锋工具,已有业务行业但未映射冻结主题 | CLX组内3只，shortlist 0只，冻结核心命中0只,业务分组已补齐；冻结主题缺映射或板块强度待补证,7|5|5|5|3|5|4|2|金属制品,PHASE-A-MARKET-STATE;CNINFO-INDUSTRY-FALLBACK;THS-ZYJS-FALLBACK;CLX-STOCK-RANKING
155,金融改革,金融改革,technical-reversal-only,not_located,low,,unknown,,unknown,unknown,watch,unknown,2,,,1,0,0,3.377225,4.526748971193406,002575 群兴玩具,已有业务行业但未映射冻结主题 | CLX组内1只，shortlist 0只，冻结核心命中0只,业务分组已补齐；冻结主题缺映射或板块强度待补证,7|5|5|5|3|5|4|2|金融改革,PHASE-A-MARKET-STATE;CNINFO-INDUSTRY-FALLBACK;THS-ZYJS-FALLBACK;CLX-STOCK-RANKING
156,钢铁行业,钢铁行业,technical-reversal-only,not_located,low,,unknown,,unknown,unknown,watch,unknown,2,,,3,0,0,3.154583,3.6743601872697873,002615 哈尔斯;300345 华民股份;600992 贵绳股份,已有业务行业但未映射冻结主题 | CLX组内3只，shortlist 0只，冻结核心命中0只,业务分组已补齐；冻结主题缺映射或板块强度待补证,7|5|5|5|3|5|4|2|钢铁行业,PHASE-A-MARKET-STATE;CNINFO-INDUSTRY-FALLBACK;THS-ZYJS-FALLBACK;CLX-STOCK-RANKING
157,铝,铝,technical-reversal-only,not_located,low,,unknown,,unknown,unknown,watch,unknown,2,,,2,0,0,2.5637999999999996,7.195272732878232,301398 星源卓镁;605208 永茂泰,已有业务行业但未映射冻结主题 | CLX组内2只，shortlist 0只，冻结核心命中0只,业务分组已补齐；冻结主题缺映射或板块强度待补证,7|5|5|5|3|5|4|2|铝,PHASE-A-MARKET-STATE;CNINFO-INDUSTRY-FALLBACK;THS-ZYJS-FALLBACK;CLX-STOCK-RANKING
158,锂矿,锂矿,technical-reversal-only,not_located,low,,unknown,,unknown,unknown,watch,unknown,2,,,1,0,0,2.020687,4.840805717998697,002785 万里石,已有业务行业但未映射冻结主题 | CLX组内1只，shortlist 0只，冻结核心命中0只,业务分组已补齐；冻结主题缺映射或板块强度待补证,7|5|5|5|3|5|4|2|锂矿,PHASE-A-MARKET-STATE;CNINFO-INDUSTRY-FALLBACK;THS-ZYJS-FALLBACK;CLX-STOCK-RANKING
159,院线,院线,technical-reversal-only,not_located,low,,unknown,,unknown,unknown,watch,unknown,2,,,1,0,0,3.147438,4.728682170542631,300528 幸福蓝海,已有业务行业但未映射冻结主题 | CLX组内1只，shortlist 0只，冻结核心命中0只,业务分组已补齐；冻结主题缺映射或板块强度待补证,7|5|5|5|3|5|4|2|院线,PHASE-A-MARKET-STATE;CNINFO-INDUSTRY-FALLBACK;THS-ZYJS-FALLBACK;CLX-STOCK-RANKING
160,雄安新区,雄安新区,technical-reversal-only,not_located,low,,unknown,,unknown,unknown,watch,unknown,2,,,1,0,0,0.5411060000000001,2.9227557411273475,603616 韩建河山,已有业务行业但未映射冻结主题 | CLX组内1只，shortlist 0只，冻结核心命中0只,业务分组已补齐；冻结主题缺映射或板块强度待补证,7|5|5|5|3|5|4|2|雄安新区,PHASE-A-MARKET-STATE;CNINFO-INDUSTRY-FALLBACK;THS-ZYJS-FALLBACK;CLX-STOCK-RANKING
161,鞋帽及其他,鞋帽及其他,technical-reversal-only,not_located,low,,unknown,,unknown,unknown,watch,unknown,2,,,1,0,0,0.576014,5.357142857142838,603665 康隆达,已有业务行业但未映射冻结主题 | CLX组内1只，shortlist 0只，冻结核心命中0只,业务分组已补齐；冻结主题缺映射或板块强度待补证,7|5|5|5|3|5|4|2|鞋帽及其他,PHASE-A-MARKET-STATE;CNINFO-INDUSTRY-FALLBACK;THS-ZYJS-FALLBACK;CLX-STOCK-RANKING
162,飞机制造,飞机制造,technical-reversal-only,not_located,low,,unknown,,unknown,unknown,watch,unknown,2,,,1,0,0,2.407839,1.7010935601458057,600316 洪都航空,已有业务行业但未映射冻结主题 | CLX组内1只，shortlist 0只，冻结核心命中0只,业务分组已补齐；冻结主题缺映射或板块强度待补证,7|5|5|5|3|5|4|2|飞机制造,PHASE-A-MARKET-STATE;CNINFO-INDUSTRY-FALLBACK;THS-ZYJS-FALLBACK;CLX-STOCK-RANKING
163,高压快充,高压快充,technical-reversal-only,not_located,low,,unknown,,unknown,unknown,watch,unknown,2,,,1,0,0,0.4962810000000001,4.363001745200701,300880 迦南智能,已有业务行业但未映射冻结主题 | CLX组内1只，shortlist 0只，冻结核心命中0只,业务分组已补齐；冻结主题缺映射或板块强度待补证,7|5|5|5|3|5|4|2|高压快充,PHASE-A-MARKET-STATE;CNINFO-INDUSTRY-FALLBACK;THS-ZYJS-FALLBACK;CLX-STOCK-RANKING
164,鸡肉,鸡肉,technical-reversal-only,not_located,low,,unknown,,unknown,unknown,watch,unknown,2,,,1,0,0,0.394152,1.3998250218722583,002982 湘佳股份,已有业务行业但未映射冻结主题 | CLX组内1只，shortlist 0只，冻结核心命中0只,业务分组已补齐；冻结主题缺映射或板块强度待补证,7|5|5|5|3|5|4|2|鸡肉,PHASE-A-MARKET-STATE;CNINFO-INDUSTRY-FALLBACK;THS-ZYJS-FALLBACK;CLX-STOCK-RANKING
